InvoiceNo,Description,Quantity,InvoiceDate,UnitPrice,Country
536197,ASSORTED COLOUR BIRD ORNAMENT,4,2011-01-01 09:14:00,4.21,United Kingdom
536038,VICTORIAN GLASS HANGING T-LIGHT,8,2011-01-01 10:12:00,19.37,Italy
536118,PAPER CHAIN KIT 50'S CHRISTMAS,1,2011-01-01 14:34:00,13.67,Belgium
536125,VICTORIAN GLASS HANGING T-LIGHT,5,2011-01-03 12:25:00,4.92,France
536028,ASSORTED COLOUR BIRD ORNAMENT,2,2011-01-04 13:53:00,10.45,Switzerland
536086,REGENCY CAKESTAND 3 TIER,1,2011-01-05 14:55:00,22.01,United Kingdom
536050,PARTY BUNTING,12,2011-01-07 17:06:00,4.26,United Kingdom
536940,NATURAL SLATE HEART CHALKBOARD,4,2011-01-10 09:11:00,12.17,Belgium
536819,WHITE HANGING HEART T-LIGHT HOLDER,5,2011-01-10 14:25:00,17.06,Belgium
536969,REGENCY CAKESTAND 3 TIER,4,2011-01-12 10:04:00,16.07,United Kingdom
536063,REGENCY CAKESTAND 3 TIER,5,2011-01-12 12:33:00,1.47,United Kingdom
536285,REGENCY CAKESTAND 3 TIER,5,2011-01-12 19:12:00,6.46,United Kingdom
536215,REGENCY CAKESTAND 3 TIER,24,2011-01-13 14:43:00,14.42,Germany
536230,VICTORIAN GLASS HANGING T-LIGHT,24,2011-01-13 16:56:00,22.81,Netherlands
536005,NATURAL SLATE HEART CHALKBOARD,3,2011-01-15 08:24:00,13.95,United Kingdom
536035,BAKING SET 9 PIECE RETROSPOT,1,2011-01-15 16:54:00,21.78,United Kingdom
536083,SET OF 3 CAKE TINS PANTRY DESIGN,5,2011-01-17 17:56:00,9.56,United Kingdom
536542,PACK OF 72 RETROSPOT CAKE CASES,1,2011-01-18 13:53:00,18.2,Germany
536150,SET OF 3 CAKE TINS PANTRY DESIGN,10,2011-01-18 14:38:00,9.57,Netherlands
536427,LUNCH BAG RED RETROSPOT,3,2011-01-18 15:27:00,11.9,United Kingdom
536424,VICTORIAN GLASS HANGING T-LIGHT,8,2011-01-19 09:11:00,22.54,France
536421,PAPER CHAIN KIT 50'S CHRISTMAS,3,2011-01-19 13:19:00,5.48,United Kingdom
536107,LUNCH BAG RED RETROSPOT,1,2011-01-20 08:54:00,4.88,United Kingdom
536176,JUMBO BAG RED RETROSPOT,5,2011-01-20 15:18:00,14.99,United Kingdom
536074,JUMBO BAG RED RETROSPOT,4,2011-01-21 17:12:00,10.37,United Kingdom
536396,NATURAL SLATE HEART CHALKBOARD,5,2011-01-22 10:36:00,10.87,United Kingdom
536642,BAKING SET 9 PIECE RETROSPOT,6,2011-01-22 13:34:00,22.52,Spain
536200,JUMBO BAG RED RETROSPOT,4,2011-01-23 15:10:00,14.83,Spain
536173,LUNCH BAG RED RETROSPOT,2,2011-01-25 19:00:00,15.03,Germany
536217,PARTY BUNTING,8,2011-01-26 12:22:00,12.3,United Kingdom
536328,BAKING SET 9 PIECE RETROSPOT,1,2011-01-26 18:18:00,17.5,Belgium
536143,JUMBO BAG RED RETROSPOT,8,2011-01-27 13:28:00,23.28,United Kingdom
536224,PARTY BUNTING,4,2011-01-30 10:22:00,3.88,United Kingdom
536638,NATURAL SLATE HEART CHALKBOARD,10,2011-01-30 18:27:00,19.76,Germany
536048,PACK OF 72 RETROSPOT CAKE CASES,10,2011-01-31 14:41:00,24.06,United Kingdom
536067,JUMBO BAG RED RETROSPOT,5,2011-02-02 13:46:00,10.11,United Kingdom
536091,HEART OF WICKER SMALL,2,2011-02-03 19:30:00,22.05,Spain
536062,RED WOOLLY HOTTIE WHITE HEART,2,2011-02-04 14:16:00,1.29,United Kingdom
536782,WHITE HANGING HEART T-LIGHT HOLDER,5,2011-02-04 18:02:00,2.83,France
536008,WHITE HANGING HEART T-LIGHT HOLDER,3,2011-02-06 18:54:00,3.1,Portugal
536016,REGENCY CAKESTAND 3 TIER,3,2011-02-06 19:48:00,14.86,Netherlands
536490,PARTY BUNTING,3,2011-02-07 10:35:00,0.89,Germany
536174,NATURAL SLATE HEART CHALKBOARD,6,2011-02-08 08:52:00,17.77,United Kingdom
536241,PARTY BUNTING,6,2011-02-08 16:03:00,13.49,United Kingdom
536924,HEART OF WICKER SMALL,6,2011-02-09 13:15:00,22.94,United Kingdom
536188,JUMBO BAG RED RETROSPOT,12,2011-02-09 16:04:00,21.66,Italy
536191,PAPER CHAIN KIT 50'S CHRISTMAS,5,2011-02-09 18:12:00,20.76,United Kingdom
536003,JUMBO BAG RED RETROSPOT,8,2011-02-10 19:06:00,15.48,Belgium
536430,PARTY BUNTING,5,2011-02-11 10:17:00,7.72,United Kingdom
536123,JUMBO BAG RED RETROSPOT,6,2011-02-11 16:17:00,13.48,United Kingdom
536098,REGENCY CAKESTAND 3 TIER,6,2011-02-12 18:50:00,9.24,United Kingdom
536020,LUNCH BAG RED RETROSPOT,6,2011-02-12 19:28:00,20.66,France
536175,WHITE HANGING HEART T-LIGHT HOLDER,1,2011-02-13 08:41:00,2.42,United Kingdom
536295,RED WOOLLY HOTTIE WHITE HEART,1,2011-02-13 17:22:00,14.12,United Kingdom
536814,SET OF 3 CAKE TINS PANTRY DESIGN,2,2011-02-14 08:22:00,10.54,Spain
536304,PACK OF 72 RETROSPOT CAKE CASES,5,2011-02-14 17:50:00,1.04,United Kingdom
536050,PACK OF 72 RETROSPOT CAKE CASES,1,2011-02-16 10:54:00,2.1,United Kingdom
536123,WOODEN PICTURE FRAME WHITE FINISH,3,2011-02-16 13:35:00,3.88,United Kingdom
536082,SET OF 3 CAKE TINS PANTRY DESIGN,6,2011-02-16 18:14:00,11.02,France
536763,HEART OF WICKER SMALL,5,2011-02-17 18:38:00,15.08,United Kingdom
536232,NATURAL SLATE HEART CHALKBOARD,4,2011-02-18 11:32:00,1.79,United Kingdom
536115,PARTY BUNTING,4,2011-02-18 11:37:00,17.12,United Kingdom
536495,WHITE HANGING HEART T-LIGHT HOLDER,2,2011-02-19 13:41:00,7.87,Netherlands
536127,PAPER CHAIN KIT 50'S CHRISTMAS,6,2011-02-19 16:18:00,6.82,United Kingdom
536015,BAKING SET 9 PIECE RETROSPOT,4,2011-02-20 16:57:00,3.12,United Kingdom
536331,NATURAL SLATE HEART CHALKBOARD,2,2011-02-20 17:33:00,10.66,Belgium
536917,ASSORTED COLOUR BIRD ORNAMENT,10,2011-02-21 13:18:00,3.01,Germany
536184,WHITE HANGING HEART T-LIGHT HOLDER,12,2011-02-23 14:48:00,20.79,Italy
536175,PACK OF 72 RETROSPOT CAKE CASES,1,2011-02-23 17:15:00,20.88,Switzerland
536034,NATURAL SLATE HEART CHALKBOARD,1,2011-02-25 18:47:00,12.46,Germany
536322,PAPER CHAIN KIT 50'S CHRISTMAS,3,2011-02-28 08:34:00,5.28,United Kingdom
536390,WOODEN PICTURE FRAME WHITE FINISH,10,2011-02-28 14:08:00,23.68,United Kingdom
536517,WHITE HANGING HEART T-LIGHT HOLDER,6,2011-02-28 19:01:00,14.94,United Kingdom
536051,RED WOOLLY HOTTIE WHITE HEART,5,2011-03-01 16:16:00,12.23,United Kingdom
536810,JUMBO BAG RED RETROSPOT,5,2011-03-02 13:39:00,18.66,United Kingdom
536186,VICTORIAN GLASS HANGING T-LIGHT,3,2011-03-03 08:08:00,23.28,United Kingdom
536188,NATURAL SLATE HEART CHALKBOARD,24,2011-03-03 08:47:00,15.97,United Kingdom
536022,HEART OF WICKER SMALL,8,2011-03-03 11:47:00,6.6,United Kingdom
536188,LUNCH BAG RED RETROSPOT,24,2011-03-05 14:42:00,5.88,United Kingdom
536295,PARTY BUNTING,3,2011-03-05 17:29:00,11.36,United Kingdom
536463,PARTY BUNTING,5,2011-03-07 13:40:00,2.09,United Kingdom
536043,JUMBO BAG RED RETROSPOT,6,2011-03-10 11:10:00,13.95,United Kingdom
536054,SET OF 3 CAKE TINS PANTRY DESIGN,5,2011-03-10 15:32:00,16.87,Belgium
536317,PARTY BUNTING,8,2011-03-11 08:42:00,16.11,France
536113,NATURAL SLATE HEART CHALKBOARD,3,2011-03-11 09:31:00,8.46,Spain
536335,HEART OF WICKER SMALL,6,2011-03-12 11:59:00,7.79,United Kingdom
536137,HEART OF WICKER SMALL,3,2011-03-12 12:25:00,4.3,Germany
536223,VICTORIAN GLASS HANGING T-LIGHT,3,2011-03-12 17:26:00,13.15,Portugal
536644,PAPER CHAIN KIT 50'S CHRISTMAS,12,2011-03-13 13:26:00,14.51,United Kingdom
536206,RED WOOLLY HOTTIE WHITE HEART,8,2011-03-13 18:11:00,3.54,France
536769,PARTY BUNTING,5,2011-03-14 11:06:00,17.14,United Kingdom
536498,PAPER CHAIN KIT 50'S CHRISTMAS,3,2011-03-14 13:05:00,1.59,United Kingdom
536234,LUNCH BAG RED RETROSPOT,5,2011-03-14 14:03:00,17.59,Germany
536410,PAPER CHAIN KIT 50'S CHRISTMAS,10,2011-03-15 10:46:00,10.07,United Kingdom
536578,PARTY BUNTING,24,2011-03-15 18:24:00,19.12,United Kingdom
536758,SET OF 3 CAKE TINS PANTRY DESIGN,12,2011-03-16 09:39:00,6.71,United Kingdom
536067,HEART OF WICKER SMALL,10,2011-03-16 11:31:00,13.57,Italy
536062,PAPER CHAIN KIT 50'S CHRISTMAS,5,2011-03-17 17:06:00,0.99,United Kingdom
536108,WHITE HANGING HEART T-LIGHT HOLDER,6,2011-03-17 17:37:00,4.45,Germany
536088,RED WOOLLY HOTTIE WHITE HEART,2,2011-03-18 16:24:00,16.25,United Kingdom
536296,RED WOOLLY HOTTIE WHITE HEART,6,2011-03-19 12:29:00,13.44,United Kingdom
536035,BAKING SET 9 PIECE RETROSPOT,12,2011-03-19 15:01:00,6.55,Spain
536102,LUNCH BAG RED RETROSPOT,4,2011-03-19 17:44:00,5.83,United Kingdom
536191,BAKING SET 9 PIECE RETROSPOT,2,2011-03-20 09:46:00,22.24,United Kingdom
536207,ASSORTED COLOUR BIRD ORNAMENT,5,2011-03-20 18:14:00,22.11,United Kingdom
536518,PARTY BUNTING,12,2011-03-20 18:21:00,3.41,United Kingdom
536496,LUNCH BAG RED RETROSPOT,2,2011-03-22 16:23:00,13.25,United Kingdom
536006,PAPER CHAIN KIT 50'S CHRISTMAS,6,2011-03-22 18:48:00,18.04,United Kingdom
536479,REGENCY CAKESTAND 3 TIER,24,2011-03-23 11:00:00,10.18,United Kingdom
536256,SET OF 3 CAKE TINS PANTRY DESIGN,5,2011-03-23 17:19:00,24.48,United Kingdom
536805,SET OF 3 CAKE TINS PANTRY DESIGN,3,2011-03-24 13:56:00,6.49,United Kingdom
536055,PACK OF 72 RETROSPOT CAKE CASES,1,2011-03-27 16:28:00,14.51,United Kingdom
536157,WHITE HANGING HEART T-LIGHT HOLDER,2,2011-03-27 19:08:00,14.49,Spain
536214,RED WOOLLY HOTTIE WHITE HEART,24,2011-03-27 19:19:00,4.29,United Kingdom
536049,WHITE HANGING HEART T-LIGHT HOLDER,5,2011-03-29 15:45:00,18.25,Italy
536123,REGENCY CAKESTAND 3 TIER,6,2011-03-30 16:52:00,8.53,Netherlands
536293,WOODEN PICTURE FRAME WHITE FINISH,10,2011-03-31 08:37:00,14.78,Germany
536223,HEART OF WICKER SMALL,3,2011-03-31 11:27:00,7.11,United Kingdom
536241,PACK OF 72 RETROSPOT CAKE CASES,6,2011-03-31 13:05:00,8.65,Australia
536417,PARTY BUNTING,2,2011-03-31 14:32:00,18.94,United Kingdom
536153,BAKING SET 9 PIECE RETROSPOT,5,2011-03-31 19:06:00,19.61,United Kingdom
536003,REGENCY CAKESTAND 3 TIER,4,2011-04-02 19:06:00,1.24,United Kingdom
536273,WHITE HANGING HEART T-LIGHT HOLDER,2,2011-04-03 08:52:00,8.76,United Kingdom
536328,SET OF 3 CAKE TINS PANTRY DESIGN,12,2011-04-03 14:05:00,6.57,United Kingdom
536137,NATURAL SLATE HEART CHALKBOARD,8,2011-04-03 16:21:00,17.68,Spain
536383,HEART OF WICKER SMALL,12,2011-04-05 16:07:00,24.92,Germany
536004,HEART OF WICKER SMALL,2,2011-04-06 11:29:00,22.47,United Kingdom
536013,LUNCH BAG RED RETROSPOT,1,2011-04-06 13:47:00,22.94,United Kingdom
536171,REGENCY CAKESTAND 3 TIER,5,2011-04-06 17:59:00,11.21,United Kingdom
536538,PARTY BUNTING,6,2011-04-07 08:20:00,9.87,United Kingdom
536271,VICTORIAN GLASS HANGING T-LIGHT,2,2011-04-07 11:44:00,7.15,Switzerland
536126,PAPER CHAIN KIT 50'S CHRISTMAS,4,2011-04-07 12:56:00,5.47,United Kingdom
536154,NATURAL SLATE HEART CHALKBOARD,10,2011-04-08 16:31:00,4.73,United Kingdom
536513,WHITE HANGING HEART T-LIGHT HOLDER,3,2011-04-08 16:34:00,10.45,United Kingdom
536243,PACK OF 72 RETROSPOT CAKE CASES,6,2011-04-08 19:04:00,24.16,Portugal
536144,HEART OF WICKER SMALL,6,2011-04-09 12:08:00,8.03,United Kingdom
536468,VICTORIAN GLASS HANGING T-LIGHT,1,2011-04-12 09:26:00,6.23,United Kingdom
536158,ASSORTED COLOUR BIRD ORNAMENT,3,2011-04-14 10:31:00,18.39,Australia
536034,ASSORTED COLOUR BIRD ORNAMENT,10,2011-04-14 11:34:00,23.44,Spain
536137,REGENCY CAKESTAND 3 TIER,5,2011-04-14 13:56:00,10.55,Australia
536226,WHITE HANGING HEART T-LIGHT HOLDER,3,2011-04-14 19:57:00,19.53,Spain
536291,VICTORIAN GLASS HANGING T-LIGHT,4,2011-04-15 15:36:00,16.02,United Kingdom
536096,SET OF 3 CAKE TINS PANTRY DESIGN,4,2011-04-16 10:16:00,22.83,United Kingdom
536257,WHITE HANGING HEART T-LIGHT HOLDER,2,2011-04-16 14:05:00,24.15,United Kingdom
536798,REGENCY CAKESTAND 3 TIER,1,2011-04-16 16:54:00,18.81,Germany
536329,PACK OF 72 RETROSPOT CAKE CASES,4,2011-04-16 19:52:00,5.14,United Kingdom
536515,BAKING SET 9 PIECE RETROSPOT,12,2011-04-18 10:19:00,8.03,United Kingdom
536041,VICTORIAN GLASS HANGING T-LIGHT,4,2011-04-18 19:50:00,2.68,United Kingdom
536301,JUMBO BAG RED RETROSPOT,3,2011-04-19 08:09:00,17.88,United Kingdom
536109,HEART OF WICKER SMALL,5,2011-04-19 09:46:00,17.24,Spain
536120,JUMBO BAG RED RETROSPOT,4,2011-04-19 19:06:00,8.73,Italy
536283,HEART OF WICKER SMALL,10,2011-04-20 13:45:00,23.13,United Kingdom
536856,PARTY BUNTING,10,2011-04-20 16:51:00,6.64,United Kingdom
536234,PARTY BUNTING,5,2011-04-21 08:16:00,20.46,United Kingdom
536123,VICTORIAN GLASS HANGING T-LIGHT,5,2011-04-21 16:58:00,9.58,Belgium
536054,ASSORTED COLOUR BIRD ORNAMENT,12,2011-04-21 18:06:00,15.94,Spain
536107,SET OF 3 CAKE TINS PANTRY DESIGN,1,2011-04-21 19:33:00,2.61,United Kingdom
536246,BAKING SET 9 PIECE RETROSPOT,8,2011-04-23 12:43:00,20.7,Portugal
536121,WHITE HANGING HEART T-LIGHT HOLDER,10,2011-04-24 09:16:00,23.65,Germany
536822,PAPER CHAIN KIT 50'S CHRISTMAS,5,2011-04-24 14:12:00,12.26,United Kingdom
536971,PARTY BUNTING,1,2011-04-24 16:14:00,7.32,Portugal
536221,PAPER CHAIN KIT 50'S CHRISTMAS,4,2011-04-24 16:49:00,24.19,Germany
536239,BAKING SET 9 PIECE RETROSPOT,6,2011-04-25 11:42:00,15.18,Spain
536031,ASSORTED COLOUR BIRD ORNAMENT,4,2011-04-25 16:06:00,17.3,United Kingdom
536284,PARTY BUNTING,5,2011-04-27 09:07:00,10.47,United Kingdom
536019,PAPER CHAIN KIT 50'S CHRISTMAS,4,2011-04-27 13:57:00,12.38,United Kingdom
536017,JUMBO BAG RED RETROSPOT,4,2011-04-27 14:08:00,2.74,United Kingdom
536231,HEART OF WICKER SMALL,1,2011-04-27 15:09:00,7.14,United Kingdom
536146,WHITE HANGING HEART T-LIGHT HOLDER,6,2011-04-28 11:29:00,17.74,Italy
536093,WHITE HANGING HEART T-LIGHT HOLDER,2,2011-04-30 16:08:00,20.54,United Kingdom
536403,REGENCY CAKESTAND 3 TIER,10,2011-05-02 08:37:00,9.04,Germany
536734,WOODEN PICTURE FRAME WHITE FINISH,2,2011-05-03 10:18:00,16.94,United Kingdom
536126,PACK OF 72 RETROSPOT CAKE CASES,12,2011-05-04 08:48:00,1.14,Germany
536103,WHITE HANGING HEART T-LIGHT HOLDER,12,2011-05-04 17:24:00,6.27,United Kingdom
536144,WOODEN PICTURE FRAME WHITE FINISH,1,2011-05-05 17:18:00,23.5,United Kingdom
536203,BAKING SET 9 PIECE RETROSPOT,5,2011-05-07 16:30:00,9.0,Australia
536033,RED WOOLLY HOTTIE WHITE HEART,5,2011-05-07 17:48:00,17.67,Belgium
536216,REGENCY CAKESTAND 3 TIER,2,2011-05-08 12:47:00,9.42,United Kingdom
536952,WOODEN PICTURE FRAME WHITE FINISH,6,2011-05-09 14:09:00,8.23,Spain
536979,SET OF 3 CAKE TINS PANTRY DESIGN,1,2011-05-10 09:12:00,3.76,France
536298,NATURAL SLATE HEART CHALKBOARD,2,2011-05-10 19:47:00,16.75,Belgium
536000,WOODEN PICTURE FRAME WHITE FINISH,4,2011-05-11 13:52:00,8.91,United Kingdom
536085,PAPER CHAIN KIT 50'S CHRISTMAS,8,2011-05-11 14:25:00,24.54,United Kingdom
536120,RED WOOLLY HOTTIE WHITE HEART,4,2011-05-11 19:27:00,9.49,United Kingdom
536828,REGENCY CAKESTAND 3 TIER,2,2011-05-12 09:58:00,22.34,United Kingdom
536161,PACK OF 72 RETROSPOT CAKE CASES,12,2011-05-12 14:41:00,22.4,United Kingdom
536210,REGENCY CAKESTAND 3 TIER,10,2011-05-12 14:47:00,9.46,Spain
536071,LUNCH BAG RED RETROSPOT,5,2011-05-13 10:22:00,2.24,United Kingdom
536389,REGENCY CAKESTAND 3 TIER,3,2011-05-14 16:54:00,22.86,United Kingdom
536172,BAKING SET 9 PIECE RETROSPOT,5,2011-05-14 18:09:00,16.34,Germany
536426,LUNCH BAG RED RETROSPOT,2,2011-05-15 16:00:00,2.53,Portugal
536326,RED WOOLLY HOTTIE WHITE HEART,5,2011-05-16 15:14:00,17.99,United Kingdom
536171,SET OF 3 CAKE TINS PANTRY DESIGN,12,2011-05-17 10:47:00,1.67,Germany
536247,NATURAL SLATE HEART CHALKBOARD,1,2011-05-17 15:31:00,8.84,Spain
536439,HEART OF WICKER SMALL,12,2011-05-17 18:33:00,20.81,United Kingdom
536860,PAPER CHAIN KIT 50'S CHRISTMAS,4,2011-05-19 09:57:00,3.25,Spain
536004,NATURAL SLATE HEART CHALKBOARD,8,2011-05-19 10:16:00,5.65,United Kingdom
536117,RED WOOLLY HOTTIE WHITE HEART,2,2011-05-19 11:12:00,15.59,United Kingdom
536117,ASSORTED COLOUR BIRD ORNAMENT,8,2011-05-19 12:24:00,24.53,United Kingdom
536999,HEART OF WICKER SMALL,4,2011-05-19 14:57:00,6.18,United Kingdom
536862,PAPER CHAIN KIT 50'S CHRISTMAS,5,2011-05-20 15:33:00,19.14,United Kingdom
536227,BAKING SET 9 PIECE RETROSPOT,4,2011-05-20 17:04:00,9.38,United Kingdom
536088,REGENCY CAKESTAND 3 TIER,1,2011-05-21 09:31:00,21.85,United Kingdom
536085,NATURAL SLATE HEART CHALKBOARD,6,2011-05-21 13:18:00,10.02,United Kingdom
536230,RED WOOLLY HOTTIE WHITE HEART,4,2011-05-21 18:05:00,3.06,Spain
536223,BAKING SET 9 PIECE RETROSPOT,5,2011-05-21 18:16:00,5.54,United Kingdom
536091,PACK OF 72 RETROSPOT CAKE CASES,3,2011-05-23 12:34:00,16.37,Germany
536680,REGENCY CAKESTAND 3 TIER,4,2011-05-24 14:52:00,11.63,France
536443,LUNCH BAG RED RETROSPOT,1,2011-05-25 09:36:00,20.71,United Kingdom
536231,BAKING SET 9 PIECE RETROSPOT,5,2011-05-25 18:24:00,14.84,Germany
536078,HEART OF WICKER SMALL,2,2011-05-26 12:41:00,7.42,United Kingdom
536302,WOODEN PICTURE FRAME WHITE FINISH,1,2011-05-26 18:27:00,16.5,United Kingdom
536140,NATURAL SLATE HEART CHALKBOARD,1,2011-05-27 13:02:00,0.93,France
536104,NATURAL SLATE HEART CHALKBOARD,10,2011-05-27 17:47:00,23.64,United Kingdom
536302,HEART OF WICKER SMALL,8,2011-05-28 12:39:00,3.39,United Kingdom
536210,WHITE HANGING HEART T-LIGHT HOLDER,4,2011-05-29 16:19:00,18.47,Belgium
536112,PACK OF 72 RETROSPOT CAKE CASES,2,2011-05-29 19:39:00,18.64,Switzerland
536271,REGENCY CAKESTAND 3 TIER,2,2011-05-30 16:19:00,8.34,United Kingdom
536023,RED WOOLLY HOTTIE WHITE HEART,3,2011-05-31 16:38:00,17.08,Spain
536314,NATURAL SLATE HEART CHALKBOARD,8,2011-06-01 12:02:00,19.05,United Kingdom
536033,NATURAL SLATE HEART CHALKBOARD,3,2011-06-01 13:55:00,18.37,Portugal
536109,WHITE HANGING HEART T-LIGHT HOLDER,3,2011-06-03 09:31:00,0.85,United Kingdom
536255,BAKING SET 9 PIECE RETROSPOT,4,2011-06-03 11:16:00,21.69,United Kingdom
536207,LUNCH BAG RED RETROSPOT,10,2011-06-03 17:45:00,2.95,United Kingdom
536035,WHITE HANGING HEART T-LIGHT HOLDER,4,2011-06-05 09:20:00,14.87,France
536042,HEART OF WICKER SMALL,5,2011-06-06 13:56:00,18.75,United Kingdom
536265,PARTY BUNTING,5,2011-06-06 13:58:00,7.64,Italy
536834,NATURAL SLATE HEART CHALKBOARD,4,2011-06-06 14:27:00,17.11,United Kingdom
536051,PARTY BUNTING,24,2011-06-07 15:58:00,19.67,United Kingdom
536949,ASSORTED COLOUR BIRD ORNAMENT,2,2011-06-08 12:32:00,13.53,United Kingdom
536129,WOODEN PICTURE FRAME WHITE FINISH,2,2011-06-08 14:55:00,21.6,Spain
536081,ASSORTED COLOUR BIRD ORNAMENT,6,2011-06-08 19:59:00,17.18,Italy
536042,BAKING SET 9 PIECE RETROSPOT,24,2011-06-10 10:17:00,21.44,United Kingdom
536276,PARTY BUNTING,6,2011-06-10 12:15:00,3.0,Spain
536043,WHITE HANGING HEART T-LIGHT HOLDER,5,2011-06-10 17:43:00,16.82,Germany
536223,ASSORTED COLOUR BIRD ORNAMENT,6,2011-06-11 16:23:00,20.07,Spain
536095,SET OF 3 CAKE TINS PANTRY DESIGN,8,2011-06-11 18:54:00,24.28,United Kingdom
536146,PACK OF 72 RETROSPOT CAKE CASES,12,2011-06-11 19:32:00,9.86,United Kingdom
536068,WOODEN PICTURE FRAME WHITE FINISH,4,2011-06-12 08:24:00,22.43,United Kingdom
536486,JUMBO BAG RED RETROSPOT,1,2011-06-13 09:28:00,20.81,United Kingdom
536231,HEART OF WICKER SMALL,12,2011-06-13 11:17:00,19.97,Germany
536928,WOODEN PICTURE FRAME WHITE FINISH,2,2011-06-15 09:21:00,8.19,France
536212,REGENCY CAKESTAND 3 TIER,6,2011-06-15 18:44:00,10.4,Switzerland
536220,ASSORTED COLOUR BIRD ORNAMENT,6,2011-06-17 10:42:00,1.78,United Kingdom
536125,ASSORTED COLOUR BIRD ORNAMENT,6,2011-06-17 10:52:00,20.58,United Kingdom
536289,LUNCH BAG RED RETROSPOT,5,2011-06-18 12:45:00,5.48,Germany
536153,JUMBO BAG RED RETROSPOT,2,2011-06-18 16:57:00,15.7,Spain
536580,JUMBO BAG RED RETROSPOT,4,2011-06-19 11:37:00,12.78,Netherlands
536740,RED WOOLLY HOTTIE WHITE HEART,2,2011-06-20 13:46:00,13.37,United Kingdom
536040,JUMBO BAG RED RETROSPOT,5,2011-06-21 19:29:00,19.4,United Kingdom
536150,ASSORTED COLOUR BIRD ORNAMENT,10,2011-06-22 10:04:00,16.22,France
536655,LUNCH BAG RED RETROSPOT,4,2011-06-22 14:04:00,18.51,Italy
536388,RED WOOLLY HOTTIE WHITE HEART,5,2011-06-22 14:26:00,12.57,United Kingdom
536195,PACK OF 72 RETROSPOT CAKE CASES,12,2011-06-23 14:29:00,18.26,Netherlands
536124,PARTY BUNTING,2,2011-06-24 14:00:00,3.72,Spain
536372,BAKING SET 9 PIECE RETROSPOT,2,2011-06-24 19:46:00,15.04,United Kingdom
536110,PARTY BUNTING,8,2011-06-26 13:47:00,22.38,United Kingdom
536756,BAKING SET 9 PIECE RETROSPOT,2,2011-06-26 14:19:00,13.24,United Kingdom
536087,JUMBO BAG RED RETROSPOT,2,2011-06-27 18:18:00,16.7,Italy
536108,ASSORTED COLOUR BIRD ORNAMENT,5,2011-06-27 19:45:00,16.23,United Kingdom
536147,WOODEN PICTURE FRAME WHITE FINISH,8,2011-06-28 11:36:00,7.77,Italy
536046,RED WOOLLY HOTTIE WHITE HEART,12,2011-06-29 13:52:00,6.84,United Kingdom
536139,NATURAL SLATE HEART CHALKBOARD,1,2011-06-29 14:25:00,23.47,United Kingdom
536428,VICTORIAN GLASS HANGING T-LIGHT,5,2011-06-29 15:22:00,3.73,United Kingdom
536342,WOODEN PICTURE FRAME WHITE FINISH,24,2011-07-01 09:48:00,4.11,United Kingdom
536761,REGENCY CAKESTAND 3 TIER,6,2011-07-01 10:08:00,20.36,France
536112,PACK OF 72 RETROSPOT CAKE CASES,12,2011-07-01 17:24:00,6.87,United Kingdom
536388,WHITE HANGING HEART T-LIGHT HOLDER,6,2011-07-02 16:38:00,3.6,United Kingdom
536448,HEART OF WICKER SMALL,3,2011-07-03 14:47:00,8.49,United Kingdom
536156,REGENCY CAKESTAND 3 TIER,12,2011-07-03 19:30:00,2.34,United Kingdom
536133,REGENCY CAKESTAND 3 TIER,10,2011-07-04 11:21:00,7.91,United Kingdom
536162,LUNCH BAG RED RETROSPOT,10,2011-07-06 14:39:00,11.4,Portugal
536179,HEART OF WICKER SMALL,2,2011-07-07 09:03:00,21.81,United Kingdom
536322,PACK OF 72 RETROSPOT CAKE CASES,2,2011-07-07 10:08:00,5.01,United Kingdom
536426,LUNCH BAG RED RETROSPOT,8,2011-07-07 16:00:00,4.3,Spain
536235,SET OF 3 CAKE TINS PANTRY DESIGN,24,2011-07-07 16:21:00,3.08,Spain
536433,VICTORIAN GLASS HANGING T-LIGHT,5,2011-07-07 16:31:00,3.89,France
536226,VICTORIAN GLASS HANGING T-LIGHT,8,2011-07-08 10:30:00,16.77,United Kingdom
536217,BAKING SET 9 PIECE RETROSPOT,3,2011-07-09 11:44:00,14.28,United Kingdom
536698,BAKING SET 9 PIECE RETROSPOT,3,2011-07-09 14:31:00,14.23,United Kingdom
536200,REGENCY CAKESTAND 3 TIER,24,2011-07-12 11:45:00,19.07,United Kingdom
536291,VICTORIAN GLASS HANGING T-LIGHT,5,2011-07-12 15:11:00,18.9,Italy
536216,PAPER CHAIN KIT 50'S CHRISTMAS,1,2011-07-13 13:38:00,2.75,United Kingdom
536009,WHITE HANGING HEART T-LIGHT HOLDER,8,2011-07-17 13:10:00,9.73,France
536208,LUNCH BAG RED RETROSPOT,2,2011-07-18 10:28:00,11.8,United Kingdom
536176,PARTY BUNTING,5,2011-07-19 17:25:00,20.08,United Kingdom
536204,RED WOOLLY HOTTIE WHITE HEART,3,2011-07-20 08:28:00,22.3,France
536344,NATURAL SLATE HEART CHALKBOARD,12,2011-07-20 17:31:00,8.86,United Kingdom
536164,VICTORIAN GLASS HANGING T-LIGHT,10,2011-07-21 11:05:00,12.53,United Kingdom
536187,NATURAL SLATE HEART CHALKBOARD,1,2011-07-22 12:34:00,12.17,United Kingdom
536235,SET OF 3 CAKE TINS PANTRY DESIGN,2,2011-07-23 12:48:00,1.74,Germany
536108,LUNCH BAG RED RETROSPOT,8,2011-07-24 18:22:00,14.19,United Kingdom
536114,JUMBO BAG RED RETROSPOT,8,2011-07-24 19:22:00,23.48,France
536136,JUMBO BAG RED RETROSPOT,2,2011-07-25 14:54:00,13.38,France
536697,HEART OF WICKER SMALL,10,2011-07-25 18:32:00,16.42,United Kingdom
536119,LUNCH BAG RED RETROSPOT,12,2011-07-25 19:41:00,8.48,United Kingdom
536074,JUMBO BAG RED RETROSPOT,1,2011-07-26 08:06:00,10.58,United Kingdom
536133,PACK OF 72 RETROSPOT CAKE CASES,1,2011-07-26 08:54:00,12.71,Belgium
536016,VICTORIAN GLASS HANGING T-LIGHT,3,2011-07-26 17:41:00,7.03,United Kingdom
536068,LUNCH BAG RED RETROSPOT,2,2011-07-27 17:29:00,17.51,United Kingdom
536939,NATURAL SLATE HEART CHALKBOARD,8,2011-07-29 19:09:00,15.05,United Kingdom
536268,RED WOOLLY HOTTIE WHITE HEART,4,2011-07-31 10:40:00,9.95,Netherlands
536098,LUNCH BAG RED RETROSPOT,2,2011-08-01 12:17:00,1.14,United Kingdom
536019,HEART OF WICKER SMALL,24,2011-08-01 18:59:00,1.89,Portugal
536250,RED WOOLLY HOTTIE WHITE HEART,24,2011-08-02 12:25:00,1.12,Germany
536087,PACK OF 72 RETROSPOT CAKE CASES,10,2011-08-02 15:39:00,14.0,Spain
536152,ASSORTED COLOUR BIRD ORNAMENT,8,2011-08-02 18:03:00,19.69,United Kingdom
536293,SET OF 3 CAKE TINS PANTRY DESIGN,1,2011-08-03 09:48:00,7.67,France
536398,WHITE HANGING HEART T-LIGHT HOLDER,8,2011-08-04 11:03:00,23.27,United Kingdom
536258,RED WOOLLY HOTTIE WHITE HEART,3,2011-08-04 16:03:00,5.64,Spain
536059,LUNCH BAG RED RETROSPOT,5,2011-08-05 09:28:00,17.41,United Kingdom
536238,PAPER CHAIN KIT 50'S CHRISTMAS,4,2011-08-05 10:37:00,10.52,United Kingdom
536267,WOODEN PICTURE FRAME WHITE FINISH,24,2011-08-06 13:41:00,3.95,United Kingdom
536511,ASSORTED COLOUR BIRD ORNAMENT,3,2011-08-06 17:16:00,11.28,Australia
536218,JUMBO BAG RED RETROSPOT,2,2011-08-09 10:53:00,20.11,Germany
536596,HEART OF WICKER SMALL,1,2011-08-11 09:37:00,5.93,Italy
536098,HEART OF WICKER SMALL,6,2011-08-11 09:59:00,24.54,France
536233,SET OF 3 CAKE TINS PANTRY DESIGN,8,2011-08-11 10:29:00,14.05,United Kingdom
536785,WOODEN PICTURE FRAME WHITE FINISH,6,2011-08-12 10:51:00,11.98,Italy
536215,VICTORIAN GLASS HANGING T-LIGHT,8,2011-08-13 08:40:00,23.57,United Kingdom
536051,RED WOOLLY HOTTIE WHITE HEART,10,2011-08-14 12:43:00,9.18,Spain
536061,SET OF 3 CAKE TINS PANTRY DESIGN,6,2011-08-14 16:25:00,13.23,United Kingdom
536308,LUNCH BAG RED RETROSPOT,12,2011-08-14 18:09:00,13.42,France
536310,LUNCH BAG RED RETROSPOT,8,2011-08-15 10:10:00,11.26,United Kingdom
536089,NATURAL SLATE HEART CHALKBOARD,10,2011-08-15 19:28:00,5.91,United Kingdom
536104,RED WOOLLY HOTTIE WHITE HEART,8,2011-08-16 13:10:00,12.73,United Kingdom
536129,WOODEN PICTURE FRAME WHITE FINISH,8,2011-08-16 15:51:00,3.33,United Kingdom
536246,REGENCY CAKESTAND 3 TIER,1,2011-08-17 10:32:00,11.05,Germany
536151,WOODEN PICTURE FRAME WHITE FINISH,8,2011-08-17 13:18:00,3.89,United Kingdom
536105,HEART OF WICKER SMALL,1,2011-08-17 15:41:00,14.78,Netherlands
536218,VICTORIAN GLASS HANGING T-LIGHT,3,2011-08-18 09:49:00,7.75,United Kingdom
536391,HEART OF WICKER SMALL,1,2011-08-18 14:43:00,18.17,United Kingdom
536258,PAPER CHAIN KIT 50'S CHRISTMAS,3,2011-08-20 10:07:00,2.36,United Kingdom
536080,PARTY BUNTING,5,2011-08-21 08:13:00,24.25,United Kingdom
536311,JUMBO BAG RED RETROSPOT,6,2011-08-21 09:20:00,8.5,Netherlands
536387,WHITE HANGING HEART T-LIGHT HOLDER,2,2011-08-21 16:23:00,10.43,United Kingdom
536471,VICTORIAN GLASS HANGING T-LIGHT,6,2011-08-24 17:07:00,16.84,Germany
536662,BAKING SET 9 PIECE RETROSPOT,5,2011-08-25 15:47:00,22.98,Spain
536088,LUNCH BAG RED RETROSPOT,6,2011-08-26 15:17:00,20.11,United Kingdom
536299,PAPER CHAIN KIT 50'S CHRISTMAS,2,2011-08-26 15:34:00,14.87,United Kingdom
536037,PACK OF 72 RETROSPOT CAKE CASES,6,2011-08-27 12:02:00,1.33,United Kingdom
536169,NATURAL SLATE HEART CHALKBOARD,2,2011-08-27 16:19:00,10.78,United Kingdom
536222,VICTORIAN GLASS HANGING T-LIGHT,12,2011-08-27 17:11:00,19.72,United Kingdom
536253,PACK OF 72 RETROSPOT CAKE CASES,5,2011-08-29 11:23:00,2.32,United Kingdom
536115,SET OF 3 CAKE TINS PANTRY DESIGN,4,2011-08-30 17:48:00,22.34,Germany
536319,ASSORTED COLOUR BIRD ORNAMENT,5,2011-08-31 13:14:00,22.86,United Kingdom
536037,PAPER CHAIN KIT 50'S CHRISTMAS,3,2011-08-31 15:36:00,5.04,Portugal
536157,HEART OF WICKER SMALL,12,2011-09-02 09:33:00,23.63,Switzerland
536727,VICTORIAN GLASS HANGING T-LIGHT,8,2011-09-03 12:11:00,23.8,United Kingdom
536350,REGENCY CAKESTAND 3 TIER,6,2011-09-04 08:19:00,10.23,United Kingdom
536174,PARTY BUNTING,4,2011-09-05 19:16:00,18.31,United Kingdom
536157,PACK OF 72 RETROSPOT CAKE CASES,24,2011-09-07 15:53:00,11.63,United Kingdom
536063,WOODEN PICTURE FRAME WHITE FINISH,3,2011-09-08 12:47:00,6.95,United Kingdom
536122,RED WOOLLY HOTTIE WHITE HEART,6,2011-09-08 18:22:00,7.13,Portugal
536625,NATURAL SLATE HEART CHALKBOARD,3,2011-09-09 10:45:00,11.37,Spain
536104,WHITE HANGING HEART T-LIGHT HOLDER,3,2011-09-10 11:14:00,20.31,Spain
536082,HEART OF WICKER SMALL,24,2011-09-11 13:44:00,4.84,Germany
536474,VICTORIAN GLASS HANGING T-LIGHT,8,2011-09-12 18:20:00,9.95,United Kingdom
536288,HEART OF WICKER SMALL,2,2011-09-12 19:01:00,13.29,United Kingdom
536085,HEART OF WICKER SMALL,12,2011-09-13 12:46:00,20.71,Belgium
536059,ASSORTED COLOUR BIRD ORNAMENT,6,2011-09-15 08:27:00,4.78,United Kingdom
536288,RED WOOLLY HOTTIE WHITE HEART,24,2011-09-15 12:06:00,9.95,France
536097,WOODEN PICTURE FRAME WHITE FINISH,2,2011-09-15 19:38:00,22.79,United Kingdom
536943,PAPER CHAIN KIT 50'S CHRISTMAS,6,2011-09-16 11:46:00,3.33,United Kingdom
536010,WHITE HANGING HEART T-LIGHT HOLDER,3,2011-09-16 14:05:00,16.49,United Kingdom
536190,HEART OF WICKER SMALL,4,2011-09-21 18:32:00,16.95,United Kingdom
536158,NATURAL SLATE HEART CHALKBOARD,4,2011-09-22 13:55:00,22.45,United Kingdom
536282,JUMBO BAG RED RETROSPOT,2,2011-09-23 16:01:00,17.63,United Kingdom
536240,WHITE HANGING HEART T-LIGHT HOLDER,2,2011-09-23 18:10:00,23.02,United Kingdom
536230,NATURAL SLATE HEART CHALKBOARD,6,2011-09-24 12:07:00,19.71,United Kingdom
536103,SET OF 3 CAKE TINS PANTRY DESIGN,2,2011-09-24 13:44:00,24.12,Portugal
536097,JUMBO BAG RED RETROSPOT,4,2011-09-25 08:44:00,22.76,Germany
536169,SET OF 3 CAKE TINS PANTRY DESIGN,6,2011-09-25 18:25:00,24.52,Portugal
536167,WOODEN PICTURE FRAME WHITE FINISH,10,2011-09-27 09:54:00,1.13,Germany
536161,PAPER CHAIN KIT 50'S CHRISTMAS,2,2011-09-28 10:36:00,2.57,United Kingdom
536002,REGENCY CAKESTAND 3 TIER,4,2011-09-28 15:13:00,23.22,Germany
536236,VICTORIAN GLASS HANGING T-LIGHT,6,2011-09-28 17:09:00,16.1,United Kingdom
536204,HEART OF WICKER SMALL,4,2011-09-29 14:01:00,12.11,Spain
536164,ASSORTED COLOUR BIRD ORNAMENT,8,2011-09-29 18:54:00,13.95,United Kingdom
536611,PARTY BUNTING,4,2011-09-30 15:57:00,6.45,United Kingdom
536207,WHITE HANGING HEART T-LIGHT HOLDER,4,2011-09-30 19:32:00,12.66,United Kingdom
536240,BAKING SET 9 PIECE RETROSPOT,2,2011-10-03 09:52:00,15.66,United Kingdom
536839,PACK OF 72 RETROSPOT CAKE CASES,4,2011-10-03 18:45:00,4.19,Germany
536001,ASSORTED COLOUR BIRD ORNAMENT,10,2011-10-04 08:11:00,5.98,United Kingdom
536012,HEART OF WICKER SMALL,2,2011-10-04 11:55:00,18.04,United Kingdom
536260,VICTORIAN GLASS HANGING T-LIGHT,2,2011-10-04 13:27:00,0.91,France
536132,BAKING SET 9 PIECE RETROSPOT,4,2011-10-04 13:42:00,20.57,United Kingdom
536496,SET OF 3 CAKE TINS PANTRY DESIGN,4,2011-10-05 10:22:00,12.6,Belgium
536409,WOODEN PICTURE FRAME WHITE FINISH,24,2011-10-05 11:04:00,10.25,United Kingdom
536049,REGENCY CAKESTAND 3 TIER,3,2011-10-05 11:19:00,16.12,Belgium
536090,REGENCY CAKESTAND 3 TIER,3,2011-10-06 13:16:00,11.72,Spain
536041,PAPER CHAIN KIT 50'S CHRISTMAS,12,2011-10-07 08:45:00,9.79,United Kingdom
536103,WOODEN PICTURE FRAME WHITE FINISH,5,2011-10-07 10:12:00,9.23,France
536246,REGENCY CAKESTAND 3 TIER,2,2011-10-08 10:04:00,24.02,Netherlands
536292,VICTORIAN GLASS HANGING T-LIGHT,3,2011-10-08 14:11:00,24.58,France
536087,SET OF 3 CAKE TINS PANTRY DESIGN,10,2011-10-09 16:21:00,24.68,United Kingdom
536167,HEART OF WICKER SMALL,5,2011-10-10 15:06:00,1.0,United Kingdom
536299,WHITE HANGING HEART T-LIGHT HOLDER,10,2011-10-11 18:54:00,1.78,Portugal
536067,JUMBO BAG RED RETROSPOT,3,2011-10-12 11:16:00,0.87,United Kingdom
536151,PACK OF 72 RETROSPOT CAKE CASES,10,2011-10-12 19:17:00,3.81,Netherlands
536172,SET OF 3 CAKE TINS PANTRY DESIGN,3,2011-10-12 19:36:00,16.87,Switzerland
536171,LUNCH BAG RED RETROSPOT,2,2011-10-16 08:23:00,6.91,Netherlands
536254,LUNCH BAG RED RETROSPOT,1,2011-10-16 11:53:00,5.81,United Kingdom
536030,HEART OF WICKER SMALL,2,2011-10-18 12:36:00,20.05,United Kingdom
536659,NATURAL SLATE HEART CHALKBOARD,2,2011-10-18 13:00:00,21.54,Italy
536234,WOODEN PICTURE FRAME WHITE FINISH,6,2011-10-18 19:38:00,22.08,United Kingdom
536040,REGENCY CAKESTAND 3 TIER,2,2011-10-19 10:25:00,18.67,United Kingdom
536321,HEART OF WICKER SMALL,2,2011-10-19 11:52:00,3.21,United Kingdom
536311,JUMBO BAG RED RETROSPOT,2,2011-10-20 10:51:00,7.99,France
536367,RED WOOLLY HOTTIE WHITE HEART,3,2011-10-21 10:02:00,15.29,United Kingdom
536633,PARTY BUNTING,2,2011-10-21 17:57:00,18.59,United Kingdom
536264,VICTORIAN GLASS HANGING T-LIGHT,4,2011-10-22 08:59:00,5.83,Spain
536800,ASSORTED COLOUR BIRD ORNAMENT,8,2011-10-22 17:16:00,9.09,United Kingdom
536113,LUNCH BAG RED RETROSPOT,4,2011-10-22 17:50:00,15.48,France
536033,BAKING SET 9 PIECE RETROSPOT,6,2011-10-23 16:21:00,11.09,Germany
536146,RED WOOLLY HOTTIE WHITE HEART,4,2011-10-23 17:29:00,2.11,United Kingdom
536484,PACK OF 72 RETROSPOT CAKE CASES,2,2011-10-24 10:58:00,22.26,United Kingdom
536959,JUMBO BAG RED RETROSPOT,2,2011-10-24 17:49:00,0.91,Australia
536229,JUMBO BAG RED RETROSPOT,8,2011-10-25 19:13:00,10.63,France
536286,HEART OF WICKER SMALL,1,2011-10-26 18:31:00,3.14,Australia
536310,BAKING SET 9 PIECE RETROSPOT,3,2011-10-27 09:22:00,7.25,United Kingdom
536079,VICTORIAN GLASS HANGING T-LIGHT,6,2011-10-29 14:26:00,8.36,Spain
536106,REGENCY CAKESTAND 3 TIER,3,2011-10-30 10:18:00,18.55,United Kingdom
536343,ASSORTED COLOUR BIRD ORNAMENT,3,2011-10-30 12:53:00,16.81,France
536754,PACK OF 72 RETROSPOT CAKE CASES,5,2011-10-30 15:50:00,14.62,United Kingdom
536109,WHITE HANGING HEART T-LIGHT HOLDER,1,2011-10-30 18:56:00,6.18,France
536023,PACK OF 72 RETROSPOT CAKE CASES,6,2011-11-02 19:00:00,13.41,Spain
536739,VICTORIAN GLASS HANGING T-LIGHT,12,2011-11-02 19:24:00,21.18,United Kingdom
536321,NATURAL SLATE HEART CHALKBOARD,5,2011-11-03 13:23:00,13.24,United Kingdom
536902,PAPER CHAIN KIT 50'S CHRISTMAS,5,2011-11-03 15:13:00,15.41,United Kingdom
536114,WOODEN PICTURE FRAME WHITE FINISH,6,2011-11-03 16:31:00,14.09,Netherlands
536156,SET OF 3 CAKE TINS PANTRY DESIGN,3,2011-11-04 17:31:00,7.65,Switzerland
536074,PACK OF 72 RETROSPOT CAKE CASES,5,2011-11-05 14:31:00,18.82,Netherlands
536746,REGENCY CAKESTAND 3 TIER,6,2011-11-05 17:45:00,16.48,Italy
536306,JUMBO BAG RED RETROSPOT,8,2011-11-06 10:30:00,6.68,United Kingdom
536240,RED WOOLLY HOTTIE WHITE HEART,5,2011-11-06 11:56:00,12.17,United Kingdom
536696,PACK OF 72 RETROSPOT CAKE CASES,2,2011-11-06 19:33:00,20.49,Belgium
536487,REGENCY CAKESTAND 3 TIER,12,2011-11-09 13:12:00,5.13,United Kingdom
536049,PACK OF 72 RETROSPOT CAKE CASES,2,2011-11-09 14:02:00,18.13,France
536131,REGENCY CAKESTAND 3 TIER,1,2011-11-10 08:10:00,11.93,Germany
536476,PARTY BUNTING,3,2011-11-10 13:52:00,8.78,France
536311,RED WOOLLY HOTTIE WHITE HEART,10,2011-11-10 18:25:00,20.84,France
536111,SET OF 3 CAKE TINS PANTRY DESIGN,10,2011-11-11 13:36:00,15.52,United Kingdom
536153,REGENCY CAKESTAND 3 TIER,12,2011-11-11 17:46:00,23.65,France
536162,PARTY BUNTING,6,2011-11-13 08:06:00,23.55,United Kingdom
536262,PAPER CHAIN KIT 50'S CHRISTMAS,4,2011-11-13 08:59:00,12.17,Germany
536115,REGENCY CAKESTAND 3 TIER,2,2011-11-14 13:59:00,21.47,United Kingdom
536825,ASSORTED COLOUR BIRD ORNAMENT,12,2011-11-14 15:08:00,1.0,United Kingdom
536211,HEART OF WICKER SMALL,1,2011-11-16 12:15:00,21.9,United Kingdom
536324,WOODEN PICTURE FRAME WHITE FINISH,6,2011-11-16 13:44:00,10.63,France
536040,NATURAL SLATE HEART CHALKBOARD,2,2011-11-16 13:59:00,10.0,Belgium
536091,ASSORTED COLOUR BIRD ORNAMENT,1,2011-11-17 16:29:00,18.65,Spain
536341,RED WOOLLY HOTTIE WHITE HEART,1,2011-11-17 19:52:00,22.33,Australia
536556,HEART OF WICKER SMALL,24,2011-11-19 10:02:00,6.44,Belgium
536896,HEART OF WICKER SMALL,1,2011-11-19 16:44:00,14.82,United Kingdom
536185,RED WOOLLY HOTTIE WHITE HEART,3,2011-11-19 17:07:00,5.12,United Kingdom
536392,BAKING SET 9 PIECE RETROSPOT,1,2011-11-20 08:35:00,15.43,Germany
536179,PAPER CHAIN KIT 50'S CHRISTMAS,1,2011-11-20 09:36:00,12.13,United Kingdom
536257,VICTORIAN GLASS HANGING T-LIGHT,2,2011-11-21 10:21:00,5.84,United Kingdom
536198,LUNCH BAG RED RETROSPOT,6,2011-11-21 12:19:00,18.87,United Kingdom
536174,HEART OF WICKER SMALL,12,2011-11-22 16:30:00,14.51,United Kingdom
536159,WOODEN PICTURE FRAME WHITE FINISH,12,2011-11-23 08:02:00,12.79,United Kingdom
536227,WOODEN PICTURE FRAME WHITE FINISH,3,2011-11-23 17:46:00,3.97,United Kingdom
536299,ASSORTED COLOUR BIRD ORNAMENT,1,2011-11-25 08:26:00,4.75,Switzerland
536101,RED WOOLLY HOTTIE WHITE HEART,10,2011-11-25 09:14:00,19.74,United Kingdom
536223,LUNCH BAG RED RETROSPOT,10,2011-11-25 13:10:00,21.38,United Kingdom
536546,NATURAL SLATE HEART CHALKBOARD,4,2011-11-26 15:46:00,11.2,United Kingdom
536196,LUNCH BAG RED RETROSPOT,2,2011-11-28 17:50:00,10.96,Spain
536060,BAKING SET 9 PIECE RETROSPOT,12,2011-11-30 12:55:00,20.9,Switzerland
536184,PACK OF 72 RETROSPOT CAKE CASES,5,2011-11-30 12:56:00,24.86,United Kingdom
536196,PARTY BUNTING,2,2011-12-01 13:26:00,10.69,Netherlands
536127,RED WOOLLY HOTTIE WHITE HEART,12,2011-12-02 12:59:00,1.29,United Kingdom
536216,BAKING SET 9 PIECE RETROSPOT,6,2011-12-03 10:18:00,23.5,Germany
536231,PAPER CHAIN KIT 50'S CHRISTMAS,4,2011-12-03 14:13:00,1.88,Germany
536008,PAPER CHAIN KIT 50'S CHRISTMAS,12,2011-12-04 09:53:00,24.35,United Kingdom
536003,RED WOOLLY HOTTIE WHITE HEART,1,2011-12-04 12:23:00,8.7,United Kingdom
536280,PACK OF 72 RETROSPOT CAKE CASES,8,2011-12-05 09:43:00,19.43,Switzerland
536178,PAPER CHAIN KIT 50'S CHRISTMAS,1,2011-12-07 12:48:00,10.72,Belgium
536137,VICTORIAN GLASS HANGING T-LIGHT,10,2011-12-07 19:20:00,17.97,United Kingdom
536074,LUNCH BAG RED RETROSPOT,3,2011-12-08 11:16:00,14.88,Netherlands
536948,SET OF 3 CAKE TINS PANTRY DESIGN,2,2011-12-08 14:22:00,5.39,United Kingdom
536336,PARTY BUNTING,1,2011-12-08 19:06:00,7.68,United Kingdom
536069,REGENCY CAKESTAND 3 TIER,5,2011-12-08 19:36:00,23.04,United Kingdom
536142,PACK OF 72 RETROSPOT CAKE CASES,24,2011-12-08 19:39:00,11.93,United Kingdom
536063,LUNCH BAG RED RETROSPOT,3,2011-12-09 13:45:00,12.36,United Kingdom
536126,WHITE HANGING HEART T-LIGHT HOLDER,1,2011-12-09 15:11:00,23.92,United Kingdom
536180,WHITE HANGING HEART T-LIGHT HOLDER,12,2011-12-10 11:11:00,1.94,United Kingdom
536903,REGENCY CAKESTAND 3 TIER,1,2011-12-10 18:34:00,16.98,United Kingdom
536071,PACK OF 72 RETROSPOT CAKE CASES,2,2011-12-11 09:10:00,2.33,Spain
536122,ASSORTED COLOUR BIRD ORNAMENT,10,2011-12-11 11:32:00,19.4,United Kingdom
536066,VICTORIAN GLASS HANGING T-LIGHT,3,2011-12-12 18:11:00,6.34,United Kingdom
536069,WOODEN PICTURE FRAME WHITE FINISH,12,2011-12-13 08:42:00,12.09,United Kingdom
536005,RED WOOLLY HOTTIE WHITE HEART,4,2011-12-14 16:38:00,22.17,United Kingdom
536327,BAKING SET 9 PIECE RETROSPOT,10,2011-12-16 14:48:00,13.41,United Kingdom
536099,SET OF 3 CAKE TINS PANTRY DESIGN,2,2011-12-16 15:01:00,22.64,United Kingdom
536074,RED WOOLLY HOTTIE WHITE HEART,5,2011-12-18 15:40:00,18.21,United Kingdom
536192,WHITE HANGING HEART T-LIGHT HOLDER,10,2011-12-19 18:58:00,20.1,France
536109,REGENCY CAKESTAND 3 TIER,4,2011-12-20 18:40:00,4.68,Netherlands
536180,PAPER CHAIN KIT 50'S CHRISTMAS,2,2011-12-21 18:58:00,5.0,Netherlands
536288,SET OF 3 CAKE TINS PANTRY DESIGN,1,2011-12-22 14:14:00,22.98,Germany
536048,NATURAL SLATE HEART CHALKBOARD,3,2011-12-22 18:37:00,6.61,Belgium
536397,NATURAL SLATE HEART CHALKBOARD,4,2011-12-23 12:48:00,7.97,United Kingdom
536028,VICTORIAN GLASS HANGING T-LIGHT,5,2011-12-23 14:57:00,12.28,United Kingdom
536181,ASSORTED COLOUR BIRD ORNAMENT,8,2011-12-23 16:41:00,12.18,United Kingdom
536178,ASSORTED COLOUR BIRD ORNAMENT,3,2011-12-25 11:04:00,10.46,United Kingdom
536072,HEART OF WICKER SMALL,6,2011-12-25 16:49:00,1.61,Belgium
536594,PAPER CHAIN KIT 50'S CHRISTMAS,2,2011-12-26 18:45:00,3.61,United Kingdom
536245,JUMBO BAG RED RETROSPOT,12,2011-12-27 17:27:00,20.81,Germany
536970,VICTORIAN GLASS HANGING T-LIGHT,12,2011-12-28 16:48:00,23.56,United Kingdom
536135,WOODEN PICTURE FRAME WHITE FINISH,2,2011-12-29 18:41:00,3.25,United Kingdom
536087,JUMBO BAG RED RETROSPOT,6,2011-12-30 14:14:00,9.05,Germany
536140,LUNCH BAG RED RETROSPOT,24,2011-12-31 10:47:00,10.69,Italy
536291,LUNCH BAG RED RETROSPOT,24,2011-12-31 17:13:00,5.36,United Kingdom
536082,SET OF 3 CAKE TINS PANTRY DESIGN,12,2011-12-31 18:00:00,22.04,United Kingdom
536175,BAKING SET 9 PIECE RETROSPOT,8,2012-01-01 12:42:00,1.18,United Kingdom
536824,WOODEN PICTURE FRAME WHITE FINISH,1,2012-01-01 15:32:00,5.73,United Kingdom
536713,PARTY BUNTING,6,2012-01-01 17:10:00,10.41,Spain
536178,SET OF 3 CAKE TINS PANTRY DESIGN,5,2012-01-02 16:25:00,19.92,United Kingdom
536441,PACK OF 72 RETROSPOT CAKE CASES,12,2012-01-02 18:03:00,18.16,France
536121,BAKING SET 9 PIECE RETROSPOT,5,2012-01-03 10:47:00,5.79,United Kingdom
536236,SET OF 3 CAKE TINS PANTRY DESIGN,5,2012-01-04 17:27:00,7.41,United Kingdom
536144,PAPER CHAIN KIT 50'S CHRISTMAS,10,2012-01-06 09:01:00,15.03,United Kingdom
536043,REGENCY CAKESTAND 3 TIER,4,2012-01-07 14:34:00,20.05,Spain
536312,PACK OF 72 RETROSPOT CAKE CASES,24,2012-01-07 18:32:00,7.21,United Kingdom
536465,REGENCY CAKESTAND 3 TIER,5,2012-01-08 12:29:00,1.68,France
536429,JUMBO BAG RED RETROSPOT,5,2012-01-10 09:41:00,8.08,United Kingdom
536126,SET OF 3 CAKE TINS PANTRY DESIGN,6,2012-01-10 10:49:00,20.08,United Kingdom
536080,PAPER CHAIN KIT 50'S CHRISTMAS,3,2012-01-10 15:49:00,17.86,United Kingdom
536426,SET OF 3 CAKE TINS PANTRY DESIGN,10,2012-01-10 17:05:00,21.67,United Kingdom
536199,ASSORTED COLOUR BIRD ORNAMENT,2,2012-01-10 18:27:00,2.85,United Kingdom
536710,JUMBO BAG RED RETROSPOT,8,2012-01-11 14:10:00,14.93,Germany
536202,WHITE HANGING HEART T-LIGHT HOLDER,2,2012-01-11 15:58:00,4.89,Switzerland
536360,PARTY BUNTING,12,2012-01-12 18:01:00,3.52,Spain
536189,PAPER CHAIN KIT 50'S CHRISTMAS,2,2012-01-13 18:35:00,13.61,Italy
536039,NATURAL SLATE HEART CHALKBOARD,3,2012-01-13 19:22:00,14.23,France
536113,SET OF 3 CAKE TINS PANTRY DESIGN,3,2012-01-13 19:25:00,18.35,Netherlands
536410,NATURAL SLATE HEART CHALKBOARD,5,2012-01-14 14:50:00,13.93,Spain
536246,SET OF 3 CAKE TINS PANTRY DESIGN,3,2012-01-16 19:29:00,11.71,United Kingdom
536102,BAKING SET 9 PIECE RETROSPOT,6,2012-01-17 19:55:00,16.65,United Kingdom
536106,JUMBO BAG RED RETROSPOT,6,2012-01-19 11:29:00,2.99,United Kingdom
536012,REGENCY CAKESTAND 3 TIER,4,2012-01-20 10:01:00,1.65,United Kingdom
536259,VICTORIAN GLASS HANGING T-LIGHT,2,2012-01-20 19:55:00,23.0,United Kingdom
536197,HEART OF WICKER SMALL,4,2012-01-21 08:36:00,2.37,United Kingdom
536076,WHITE HANGING HEART T-LIGHT HOLDER,10,2012-01-21 10:22:00,9.1,United Kingdom
536488,RED WOOLLY HOTTIE WHITE HEART,8,2012-01-21 10:45:00,5.77,United Kingdom
536141,ASSORTED COLOUR BIRD ORNAMENT,5,2012-01-21 19:09:00,5.32,France
536177,RED WOOLLY HOTTIE WHITE HEART,6,2012-01-22 10:26:00,20.0,United Kingdom
536112,REGENCY CAKESTAND 3 TIER,1,2012-01-22 13:16:00,3.85,United Kingdom
536235,SET OF 3 CAKE TINS PANTRY DESIGN,12,2012-01-22 17:04:00,9.01,Portugal
536450,WOODEN PICTURE FRAME WHITE FINISH,3,2012-01-23 13:24:00,22.16,United Kingdom
536001,LUNCH BAG RED RETROSPOT,6,2012-01-23 16:59:00,4.97,United Kingdom
536235,JUMBO BAG RED RETROSPOT,2,2012-01-25 11:43:00,6.01,United Kingdom
536219,SET OF 3 CAKE TINS PANTRY DESIGN,10,2012-01-25 12:43:00,14.93,United Kingdom
536155,VICTORIAN GLASS HANGING T-LIGHT,6,2012-01-25 13:49:00,14.51,Belgium
536151,BAKING SET 9 PIECE RETROSPOT,3,2012-01-26 10:27:00,9.29,Spain
536022,BAKING SET 9 PIECE RETROSPOT,5,2012-01-28 18:53:00,22.03,Spain
536248,PACK OF 72 RETROSPOT CAKE CASES,2,2012-01-29 12:54:00,23.3,United Kingdom
536296,VICTORIAN GLASS HANGING T-LIGHT,4,2012-01-29 17:37:00,8.8,United Kingdom
536070,SET OF 3 CAKE TINS PANTRY DESIGN,5,2012-01-30 08:07:00,7.34,Spain
536295,HEART OF WICKER SMALL,1,2012-01-30 12:51:00,9.82,United Kingdom
536141,WOODEN PICTURE FRAME WHITE FINISH,2,2012-01-31 10:25:00,2.71,Germany
536981,PAPER CHAIN KIT 50'S CHRISTMAS,1,2012-02-01 10:25:00,9.58,United Kingdom
536574,VICTORIAN GLASS HANGING T-LIGHT,1,2012-02-04 08:34:00,12.1,United Kingdom
536165,BAKING SET 9 PIECE RETROSPOT,10,2012-02-04 12:56:00,10.12,United Kingdom
536015,NATURAL SLATE HEART CHALKBOARD,6,2012-02-04 19:50:00,5.54,United Kingdom
536164,ASSORTED COLOUR BIRD ORNAMENT,1,2012-02-05 11:03:00,7.42,United Kingdom
536367,LUNCH BAG RED RETROSPOT,4,2012-02-05 14:08:00,19.18,Portugal
536170,HEART OF WICKER SMALL,6,2012-02-05 14:25:00,1.92,France
536049,PARTY BUNTING,1,2012-02-05 17:53:00,8.12,Germany
536056,WHITE HANGING HEART T-LIGHT HOLDER,10,2012-02-08 12:03:00,18.4,Spain
536227,REGENCY CAKESTAND 3 TIER,5,2012-02-08 13:54:00,17.45,United Kingdom
536477,VICTORIAN GLASS HANGING T-LIGHT,6,2012-02-08 14:23:00,20.99,United Kingdom
536314,BAKING SET 9 PIECE RETROSPOT,1,2012-02-11 15:43:00,24.15,United Kingdom
536248,ASSORTED COLOUR BIRD ORNAMENT,2,2012-02-11 17:38:00,3.22,Italy
536208,PARTY BUNTING,12,2012-02-12 13:00:00,15.89,Spain
536011,PACK OF 72 RETROSPOT CAKE CASES,3,2012-02-12 19:57:00,20.39,Italy
536139,BAKING SET 9 PIECE RETROSPOT,8,2012-02-13 11:07:00,19.51,United Kingdom
536217,PAPER CHAIN KIT 50'S CHRISTMAS,8,2012-02-13 19:11:00,11.12,United Kingdom
536174,SET OF 3 CAKE TINS PANTRY DESIGN,3,2012-02-13 19:46:00,22.34,United Kingdom
536341,PACK OF 72 RETROSPOT CAKE CASES,3,2012-02-14 18:39:00,21.74,United Kingdom
536201,VICTORIAN GLASS HANGING T-LIGHT,3,2012-02-15 13:07:00,20.62,United Kingdom
536732,LUNCH BAG RED RETROSPOT,4,2012-02-16 19:50:00,23.97,United Kingdom
536272,PAPER CHAIN KIT 50'S CHRISTMAS,5,2012-02-17 09:32:00,19.39,France
536863,NATURAL SLATE HEART CHALKBOARD,5,2012-02-18 13:12:00,22.89,France
536025,PACK OF 72 RETROSPOT CAKE CASES,24,2012-02-19 10:43:00,19.04,United Kingdom
536457,REGENCY CAKESTAND 3 TIER,10,2012-02-20 10:02:00,1.58,Italy
536434,BAKING SET 9 PIECE RETROSPOT,2,2012-02-20 10:14:00,22.79,Spain
536550,WOODEN PICTURE FRAME WHITE FINISH,5,2012-02-20 17:59:00,14.38,France
536181,VICTORIAN GLASS HANGING T-LIGHT,3,2012-02-21 12:34:00,3.58,United Kingdom
536185,JUMBO BAG RED RETROSPOT,5,2012-02-23 09:17:00,13.52,United Kingdom
536346,VICTORIAN GLASS HANGING T-LIGHT,4,2012-02-24 13:13:00,4.31,Germany
536045,PACK OF 72 RETROSPOT CAKE CASES,2,2012-02-24 13:22:00,6.54,United Kingdom
536016,VICTORIAN GLASS HANGING T-LIGHT,6,2012-02-24 16:20:00,16.03,Netherlands
536096,ASSORTED COLOUR BIRD ORNAMENT,10,2012-02-24 19:37:00,15.7,United Kingdom
536031,ASSORTED COLOUR BIRD ORNAMENT,4,2012-02-26 08:22:00,9.95,United Kingdom
536182,SET OF 3 CAKE TINS PANTRY DESIGN,2,2012-02-26 12:57:00,5.42,United Kingdom
536358,WOODEN PICTURE FRAME WHITE FINISH,6,2012-02-26 14:24:00,11.52,France
536300,REGENCY CAKESTAND 3 TIER,4,2012-02-27 09:52:00,17.58,Germany
536123,PAPER CHAIN KIT 50'S CHRISTMAS,8,2012-02-28 15:13:00,12.41,United Kingdom
536232,RED WOOLLY HOTTIE WHITE HEART,3,2012-02-28 19:55:00,16.7,United Kingdom
536539,NATURAL SLATE HEART CHALKBOARD,1,2012-02-29 13:04:00,20.86,United Kingdom
536185,SET OF 3 CAKE TINS PANTRY DESIGN,3,2012-03-01 10:08:00,21.57,United Kingdom
536365,HEART OF WICKER SMALL,1,2012-03-01 16:54:00,6.12,Belgium
536085,WOODEN PICTURE FRAME WHITE FINISH,24,2012-03-01 17:43:00,14.37,Belgium
536108,PAPER CHAIN KIT 50'S CHRISTMAS,6,2012-03-03 08:39:00,20.68,United Kingdom
536240,PACK OF 72 RETROSPOT CAKE CASES,4,2012-03-03 13:19:00,13.3,United Kingdom
536126,WOODEN PICTURE FRAME WHITE FINISH,10,2012-03-03 14:01:00,20.37,Germany
536070,VICTORIAN GLASS HANGING T-LIGHT,5,2012-03-04 10:29:00,10.44,United Kingdom
536332,SET OF 3 CAKE TINS PANTRY DESIGN,4,2012-03-07 08:18:00,1.53,Netherlands
536771,PAPER CHAIN KIT 50'S CHRISTMAS,4,2012-03-09 11:43:00,22.24,United Kingdom
536292,SET OF 3 CAKE TINS PANTRY DESIGN,5,2012-03-09 11:49:00,11.78,Belgium
536439,NATURAL SLATE HEART CHALKBOARD,5,2012-03-09 19:41:00,12.66,United Kingdom
536155,SET OF 3 CAKE TINS PANTRY DESIGN,3,2012-03-10 08:55:00,23.26,Germany
536689,REGENCY CAKESTAND 3 TIER,10,2012-03-10 19:35:00,12.5,Spain
536672,LUNCH BAG RED RETROSPOT,8,2012-03-11 10:12:00,12.54,Germany
536022,PACK OF 72 RETROSPOT CAKE CASES,10,2012-03-12 14:36:00,20.47,Australia
536160,SET OF 3 CAKE TINS PANTRY DESIGN,10,2012-03-12 16:19:00,1.12,Spain
536212,ASSORTED COLOUR BIRD ORNAMENT,8,2012-03-13 09:20:00,10.16,United Kingdom
536293,JUMBO BAG RED RETROSPOT,6,2012-03-13 17:10:00,23.87,Netherlands
536314,HEART OF WICKER SMALL,4,2012-03-13 18:37:00,11.94,United Kingdom
536087,VICTORIAN GLASS HANGING T-LIGHT,8,2012-03-14 09:04:00,19.36,United Kingdom
536762,VICTORIAN GLASS HANGING T-LIGHT,2,2012-03-14 09:33:00,7.34,United Kingdom
536230,RED WOOLLY HOTTIE WHITE HEART,6,2012-03-14 10:34:00,19.35,United Kingdom
536128,REGENCY CAKESTAND 3 TIER,3,2012-03-14 14:26:00,16.7,Switzerland
536026,RED WOOLLY HOTTIE WHITE HEART,4,2012-03-14 18:55:00,14.2,France
536060,VICTORIAN GLASS HANGING T-LIGHT,8,2012-03-15 15:10:00,7.1,France
536192,VICTORIAN GLASS HANGING T-LIGHT,12,2012-03-16 08:34:00,6.62,United Kingdom
536486,ASSORTED COLOUR BIRD ORNAMENT,8,2012-03-16 08:43:00,17.28,United Kingdom
536198,REGENCY CAKESTAND 3 TIER,6,2012-03-17 14:01:00,10.96,United Kingdom
536637,LUNCH BAG RED RETROSPOT,1,2012-03-18 13:28:00,2.68,United Kingdom
536159,RED WOOLLY HOTTIE WHITE HEART,10,2012-03-20 13:27:00,19.91,Spain
536094,LUNCH BAG RED RETROSPOT,5,2012-03-20 16:03:00,3.62,United Kingdom
536068,SET OF 3 CAKE TINS PANTRY DESIGN,3,2012-03-20 16:18:00,3.26,United Kingdom
536342,ASSORTED COLOUR BIRD ORNAMENT,3,2012-03-20 16:32:00,8.3,Belgium
536132,WHITE HANGING HEART T-LIGHT HOLDER,10,2012-03-20 17:42:00,16.94,Spain
536281,LUNCH BAG RED RETROSPOT,5,2012-03-20 18:53:00,19.15,United Kingdom
536248,REGENCY CAKESTAND 3 TIER,5,2012-03-21 17:05:00,12.74,United Kingdom
536047,REGENCY CAKESTAND 3 TIER,5,2012-03-22 09:51:00,10.32,United Kingdom
536849,VICTORIAN GLASS HANGING T-LIGHT,5,2012-03-22 16:11:00,5.49,Germany
536946,PACK OF 72 RETROSPOT CAKE CASES,2,2012-03-23 15:19:00,3.31,Portugal
536318,PAPER CHAIN KIT 50'S CHRISTMAS,8,2012-03-24 15:09:00,6.11,France
536131,NATURAL SLATE HEART CHALKBOARD,12,2012-03-25 10:10:00,16.99,Germany
536228,REGENCY CAKESTAND 3 TIER,1,2012-03-25 17:14:00,19.29,United Kingdom
536038,PACK OF 72 RETROSPOT CAKE CASES,4,2012-03-26 09:27:00,22.73,United Kingdom
536606,WOODEN PICTURE FRAME WHITE FINISH,2,2012-03-26 19:02:00,14.63,United Kingdom
536500,JUMBO BAG RED RETROSPOT,5,2012-03-27 09:48:00,13.08,United Kingdom
536347,JUMBO BAG RED RETROSPOT,3,2012-03-27 12:39:00,19.11,United Kingdom
536203,LUNCH BAG RED RETROSPOT,3,2012-03-27 14:31:00,7.83,United Kingdom
536155,REGENCY CAKESTAND 3 TIER,3,2012-03-28 13:37:00,12.93,Germany
536028,RED WOOLLY HOTTIE WHITE HEART,1,2012-03-28 19:15:00,1.83,Netherlands
536111,REGENCY CAKESTAND 3 TIER,6,2012-03-30 16:12:00,19.46,United Kingdom
536049,ASSORTED COLOUR BIRD ORNAMENT,10,2012-03-30 17:40:00,3.95,United Kingdom
536381,JUMBO BAG RED RETROSPOT,4,2012-03-30 19:27:00,19.89,France
536472,VICTORIAN GLASS HANGING T-LIGHT,5,2012-03-31 15:32:00,4.16,Belgium
536090,LUNCH BAG RED RETROSPOT,8,2012-04-01 08:50:00,9.97,United Kingdom
536209,VICTORIAN GLASS HANGING T-LIGHT,5,2012-04-01 14:14:00,11.2,United Kingdom
536418,NATURAL SLATE HEART CHALKBOARD,5,2012-04-03 09:13:00,6.06,Switzerland
536664,PAPER CHAIN KIT 50'S CHRISTMAS,2,2012-04-03 18:20:00,8.95,United Kingdom
536009,ASSORTED COLOUR BIRD ORNAMENT,10,2012-04-04 18:50:00,16.72,United Kingdom
536870,LUNCH BAG RED RETROSPOT,4,2012-04-05 14:58:00,4.42,Australia
536251,PACK OF 72 RETROSPOT CAKE CASES,5,2012-04-07 08:20:00,23.51,United Kingdom
536078,WOODEN PICTURE FRAME WHITE FINISH,3,2012-04-10 09:28:00,19.03,United Kingdom
536205,LUNCH BAG RED RETROSPOT,8,2012-04-11 11:14:00,1.95,France
536258,NATURAL SLATE HEART CHALKBOARD,3,2012-04-11 13:35:00,19.32,United Kingdom
536887,JUMBO BAG RED RETROSPOT,3,2012-04-12 11:18:00,5.5,United Kingdom
536303,REGENCY CAKESTAND 3 TIER,3,2012-04-12 16:27:00,9.25,Portugal
536322,PARTY BUNTING,8,2012-04-13 13:39:00,22.24,France
536121,ASSORTED COLOUR BIRD ORNAMENT,6,2012-04-15 12:55:00,4.51,Netherlands
536244,NATURAL SLATE HEART CHALKBOARD,6,2012-04-15 16:01:00,22.72,United Kingdom
536027,BAKING SET 9 PIECE RETROSPOT,24,2012-04-15 16:10:00,17.67,United Kingdom
536146,WOODEN PICTURE FRAME WHITE FINISH,4,2012-04-15 17:55:00,19.93,France
536233,PACK OF 72 RETROSPOT CAKE CASES,2,2012-04-15 19:33:00,7.13,United Kingdom
536199,RED WOOLLY HOTTIE WHITE HEART,24,2012-04-16 15:48:00,6.47,United Kingdom
536030,ASSORTED COLOUR BIRD ORNAMENT,4,2012-04-17 09:22:00,23.46,United Kingdom
536108,RED WOOLLY HOTTIE WHITE HEART,1,2012-04-18 19:24:00,8.62,United Kingdom
536040,HEART OF WICKER SMALL,6,2012-04-20 17:45:00,5.08,Portugal
536044,JUMBO BAG RED RETROSPOT,1,2012-04-21 12:43:00,1.08,United Kingdom
536809,RED WOOLLY HOTTIE WHITE HEART,1,2012-04-21 13:36:00,19.22,United Kingdom
536197,PAPER CHAIN KIT 50'S CHRISTMAS,3,2012-04-21 14:30:00,13.42,United Kingdom
536170,BAKING SET 9 PIECE RETROSPOT,2,2012-04-21 15:19:00,19.7,Spain
536720,PARTY BUNTING,2,2012-04-22 09:08:00,2.26,United Kingdom
536453,WOODEN PICTURE FRAME WHITE FINISH,2,2012-04-23 09:06:00,14.59,Netherlands
536456,RED WOOLLY HOTTIE WHITE HEART,24,2012-04-23 10:59:00,6.68,Germany
536891,WHITE HANGING HEART T-LIGHT HOLDER,1,2012-04-23 11:39:00,19.55,United Kingdom
536403,VICTORIAN GLASS HANGING T-LIGHT,6,2012-04-23 18:10:00,16.22,United Kingdom
536189,SET OF 3 CAKE TINS PANTRY DESIGN,1,2012-04-24 14:54:00,19.6,Italy
536560,VICTORIAN GLASS HANGING T-LIGHT,5,2012-04-24 17:51:00,13.43,United Kingdom
536013,WOODEN PICTURE FRAME WHITE FINISH,8,2012-04-25 12:59:00,12.98,United Kingdom
536779,PAPER CHAIN KIT 50'S CHRISTMAS,6,2012-04-26 19:02:00,13.18,United Kingdom
536503,LUNCH BAG RED RETROSPOT,8,2012-04-27 10:11:00,21.67,United Kingdom
536097,REGENCY CAKESTAND 3 TIER,2,2012-04-27 14:26:00,22.25,United Kingdom
536148,REGENCY CAKESTAND 3 TIER,3,2012-04-29 11:02:00,3.29,United Kingdom
536135,REGENCY CAKESTAND 3 TIER,3,2012-04-29 17:36:00,4.4,United Kingdom
536918,VICTORIAN GLASS HANGING T-LIGHT,1,2012-04-30 11:23:00,13.14,United Kingdom
536894,RED WOOLLY HOTTIE WHITE HEART,12,2012-04-30 13:24:00,24.07,United Kingdom
536385,SET OF 3 CAKE TINS PANTRY DESIGN,4,2012-05-01 12:22:00,5.91,Switzerland
536102,PAPER CHAIN KIT 50'S CHRISTMAS,10,2012-05-02 09:53:00,8.63,United Kingdom
536149,RED WOOLLY HOTTIE WHITE HEART,5,2012-05-04 16:54:00,2.84,United Kingdom
536072,WOODEN PICTURE FRAME WHITE FINISH,6,2012-05-06 08:37:00,24.23,Germany
536078,HEART OF WICKER SMALL,4,2012-05-08 11:25:00,6.11,France
536247,BAKING SET 9 PIECE RETROSPOT,8,2012-05-08 11:37:00,22.06,United Kingdom
536157,ASSORTED COLOUR BIRD ORNAMENT,2,2012-05-09 08:42:00,12.36,Germany
536320,PAPER CHAIN KIT 50'S CHRISTMAS,3,2012-05-09 09:54:00,24.26,United Kingdom
536242,WHITE HANGING HEART T-LIGHT HOLDER,8,2012-05-09 13:46:00,4.62,United Kingdom
536083,LUNCH BAG RED RETROSPOT,4,2012-05-11 10:43:00,14.09,France
536007,SET OF 3 CAKE TINS PANTRY DESIGN,2,2012-05-11 17:51:00,14.32,United Kingdom
536307,REGENCY CAKESTAND 3 TIER,5,2012-05-12 09:12:00,17.85,Belgium
536419,PAPER CHAIN KIT 50'S CHRISTMAS,8,2012-05-13 09:16:00,10.18,United Kingdom
536123,WOODEN PICTURE FRAME WHITE FINISH,4,2012-05-15 15:34:00,10.01,United Kingdom
536150,ASSORTED COLOUR BIRD ORNAMENT,6,2012-05-17 14:12:00,5.66,United Kingdom
536217,BAKING SET 9 PIECE RETROSPOT,12,2012-05-18 19:50:00,6.17,Netherlands
536188,REGENCY CAKESTAND 3 TIER,12,2012-05-19 10:37:00,11.26,United Kingdom
536075,RED WOOLLY HOTTIE WHITE HEART,5,2012-05-19 14:42:00,17.27,United Kingdom
536017,NATURAL SLATE HEART CHALKBOARD,3,2012-05-20 12:04:00,23.78,Switzerland
536082,PARTY BUNTING,5,2012-05-21 18:33:00,4.76,Italy
536278,PAPER CHAIN KIT 50'S CHRISTMAS,4,2012-05-21 19:51:00,2.51,United Kingdom
536097,HEART OF WICKER SMALL,2,2012-05-22 11:23:00,23.22,United Kingdom
536143,WOODEN PICTURE FRAME WHITE FINISH,4,2012-05-22 12:34:00,19.77,United Kingdom
536760,JUMBO BAG RED RETROSPOT,10,2012-05-22 18:33:00,5.59,United Kingdom
536352,JUMBO BAG RED RETROSPOT,2,2012-05-22 19:40:00,5.36,United Kingdom
536299,SET OF 3 CAKE TINS PANTRY DESIGN,3,2012-05-23 09:18:00,14.63,Portugal
536073,SET OF 3 CAKE TINS PANTRY DESIGN,10,2012-05-24 14:01:00,18.56,Spain
536438,PARTY BUNTING,6,2012-05-24 16:54:00,16.31,Netherlands
536029,WOODEN PICTURE FRAME WHITE FINISH,5,2012-05-25 08:20:00,2.38,United Kingdom
536001,SET OF 3 CAKE TINS PANTRY DESIGN,1,2012-05-25 17:27:00,1.41,United Kingdom
536375,WOODEN PICTURE FRAME WHITE FINISH,8,2012-05-28 16:45:00,15.31,United Kingdom
536274,PACK OF 72 RETROSPOT CAKE CASES,8,2012-05-29 14:27:00,9.24,Germany
536073,PARTY BUNTING,5,2012-05-29 16:59:00,15.27,Spain
536165,SET OF 3 CAKE TINS PANTRY DESIGN,8,2012-05-29 16:59:00,7.27,Australia
536423,WHITE HANGING HEART T-LIGHT HOLDER,2,2012-05-30 17:12:00,8.16,United Kingdom
536103,VICTORIAN GLASS HANGING T-LIGHT,4,2012-05-31 08:36:00,18.49,United Kingdom
536138,RED WOOLLY HOTTIE WHITE HEART,1,2012-05-31 08:55:00,18.86,United Kingdom
536172,SET OF 3 CAKE TINS PANTRY DESIGN,2,2012-05-31 09:21:00,21.29,United Kingdom
536277,JUMBO BAG RED RETROSPOT,3,2012-06-01 19:46:00,5.87,United Kingdom
536588,PARTY BUNTING,10,2012-06-02 18:46:00,22.16,France
536033,NATURAL SLATE HEART CHALKBOARD,4,2012-06-03 11:39:00,14.97,United Kingdom
536177,WOODEN PICTURE FRAME WHITE FINISH,24,2012-06-03 12:31:00,4.25,United Kingdom
536101,WOODEN PICTURE FRAME WHITE FINISH,4,2012-06-03 17:37:00,14.12,Italy
536164,VICTORIAN GLASS HANGING T-LIGHT,6,2012-06-04 08:10:00,4.89,Spain
536803,PARTY BUNTING,10,2012-06-04 18:46:00,7.3,United Kingdom
536850,REGENCY CAKESTAND 3 TIER,5,2012-06-05 12:19:00,8.92,United Kingdom
536281,LUNCH BAG RED RETROSPOT,1,2012-06-06 10:57:00,19.6,Italy
536841,PAPER CHAIN KIT 50'S CHRISTMAS,1,2012-06-07 11:58:00,22.51,United Kingdom
536249,LUNCH BAG RED RETROSPOT,24,2012-06-07 16:01:00,0.97,United Kingdom
536018,PACK OF 72 RETROSPOT CAKE CASES,6,2012-06-08 14:58:00,13.88,United Kingdom
536224,SET OF 3 CAKE TINS PANTRY DESIGN,5,2012-06-08 16:48:00,2.91,United Kingdom
536305,LUNCH BAG RED RETROSPOT,10,2012-06-08 17:49:00,6.88,United Kingdom
536070,VICTORIAN GLASS HANGING T-LIGHT,10,2012-06-09 16:14:00,20.31,Spain
536077,PACK OF 72 RETROSPOT CAKE CASES,8,2012-06-09 16:39:00,11.11,United Kingdom
536410,JUMBO BAG RED RETROSPOT,6,2012-06-10 18:27:00,15.36,Germany
536187,SET OF 3 CAKE TINS PANTRY DESIGN,4,2012-06-11 19:47:00,13.39,Australia
536844,PACK OF 72 RETROSPOT CAKE CASES,8,2012-06-12 17:20:00,3.73,United Kingdom
536858,BAKING SET 9 PIECE RETROSPOT,1,2012-06-13 08:36:00,11.42,Italy
536666,VICTORIAN GLASS HANGING T-LIGHT,12,2012-06-13 10:52:00,6.01,United Kingdom
536362,PAPER CHAIN KIT 50'S CHRISTMAS,3,2012-06-13 17:52:00,19.95,Portugal
536065,WHITE HANGING HEART T-LIGHT HOLDER,3,2012-06-14 11:59:00,19.69,United Kingdom
536646,PACK OF 72 RETROSPOT CAKE CASES,5,2012-06-15 13:05:00,1.64,United Kingdom
536119,PAPER CHAIN KIT 50'S CHRISTMAS,3,2012-06-16 09:03:00,24.71,United Kingdom
536144,LUNCH BAG RED RETROSPOT,10,2012-06-16 10:52:00,14.1,United Kingdom
536033,JUMBO BAG RED RETROSPOT,10,2012-06-17 12:05:00,9.18,United Kingdom
536134,LUNCH BAG RED RETROSPOT,1,2012-06-18 16:20:00,23.17,United Kingdom
536221,BAKING SET 9 PIECE RETROSPOT,2,2012-06-19 19:10:00,18.06,Germany
536089,SET OF 3 CAKE TINS PANTRY DESIGN,24,2012-06-20 10:32:00,16.69,United Kingdom
536110,PAPER CHAIN KIT 50'S CHRISTMAS,1,2012-06-20 10:57:00,2.31,United Kingdom
536372,ASSORTED COLOUR BIRD ORNAMENT,3,2012-06-20 11:53:00,10.34,United Kingdom
536757,SET OF 3 CAKE TINS PANTRY DESIGN,4,2012-06-20 17:49:00,15.32,United Kingdom
536320,PACK OF 72 RETROSPOT CAKE CASES,3,2012-06-21 08:36:00,22.95,United Kingdom
536128,PAPER CHAIN KIT 50'S CHRISTMAS,5,2012-06-22 19:34:00,7.05,United Kingdom
536148,ASSORTED COLOUR BIRD ORNAMENT,2,2012-06-23 08:35:00,1.35,Italy
536144,JUMBO BAG RED RETROSPOT,10,2012-06-23 12:58:00,10.0,United Kingdom
536284,ASSORTED COLOUR BIRD ORNAMENT,1,2012-06-23 15:00:00,17.72,United Kingdom
536041,RED WOOLLY HOTTIE WHITE HEART,6,2012-06-23 19:36:00,10.22,United Kingdom
536950,NATURAL SLATE HEART CHALKBOARD,3,2012-06-24 10:48:00,24.86,Switzerland
536276,NATURAL SLATE HEART CHALKBOARD,10,2012-06-25 16:39:00,12.11,United Kingdom
536537,BAKING SET 9 PIECE RETROSPOT,1,2012-06-27 14:31:00,21.92,Italy
536089,WOODEN PICTURE FRAME WHITE FINISH,3,2012-06-27 16:11:00,20.13,Switzerland
536144,NATURAL SLATE HEART CHALKBOARD,8,2012-06-27 17:09:00,5.38,Germany
536015,WOODEN PICTURE FRAME WHITE FINISH,8,2012-06-28 08:50:00,17.2,United Kingdom
536888,RED WOOLLY HOTTIE WHITE HEART,2,2012-06-29 09:04:00,4.86,United Kingdom
536282,PAPER CHAIN KIT 50'S CHRISTMAS,6,2012-06-29 16:09:00,5.51,United Kingdom
536211,LUNCH BAG RED RETROSPOT,10,2012-06-30 14:13:00,17.85,Belgium
536166,WHITE HANGING HEART T-LIGHT HOLDER,12,2012-06-30 17:50:00,19.74,United Kingdom
536715,SET OF 3 CAKE TINS PANTRY DESIGN,4,2012-06-30 19:16:00,2.7,United Kingdom
536119,ASSORTED COLOUR BIRD ORNAMENT,8,2012-07-03 14:34:00,7.0,Germany
536605,NATURAL SLATE HEART CHALKBOARD,5,2012-07-04 15:24:00,21.84,United Kingdom
536395,VICTORIAN GLASS HANGING T-LIGHT,5,2012-07-04 19:02:00,4.2,United Kingdom
536076,VICTORIAN GLASS HANGING T-LIGHT,12,2012-07-05 12:14:00,5.94,France
536171,HEART OF WICKER SMALL,6,2012-07-06 09:31:00,21.36,United Kingdom
536222,WHITE HANGING HEART T-LIGHT HOLDER,4,2012-07-06 10:46:00,23.95,United Kingdom
536042,JUMBO BAG RED RETROSPOT,4,2012-07-07 11:14:00,8.88,Germany
536413,PACK OF 72 RETROSPOT CAKE CASES,3,2012-07-07 11:36:00,2.8,Netherlands
536389,WOODEN PICTURE FRAME WHITE FINISH,1,2012-07-10 08:39:00,11.73,Belgium
536225,SET OF 3 CAKE TINS PANTRY DESIGN,5,2012-07-11 12:37:00,7.31,Italy
536052,RED WOOLLY HOTTIE WHITE HEART,1,2012-07-11 16:29:00,23.08,France
536100,LUNCH BAG RED RETROSPOT,6,2012-07-12 11:18:00,1.93,Spain
536262,REGENCY CAKESTAND 3 TIER,6,2012-07-12 16:33:00,7.38,United Kingdom
536067,WHITE HANGING HEART T-LIGHT HOLDER,2,2012-07-14 19:01:00,9.42,United Kingdom
536001,HEART OF WICKER SMALL,10,2012-07-15 15:03:00,5.04,United Kingdom
536019,PACK OF 72 RETROSPOT CAKE CASES,3,2012-07-16 13:07:00,15.09,Switzerland
536260,SET OF 3 CAKE TINS PANTRY DESIGN,1,2012-07-19 15:38:00,11.6,United Kingdom
536001,BAKING SET 9 PIECE RETROSPOT,4,2012-07-20 11:56:00,19.8,United Kingdom
536581,PAPER CHAIN KIT 50'S CHRISTMAS,1,2012-07-20 13:17:00,11.83,Germany
536404,PACK OF 72 RETROSPOT CAKE CASES,2,2012-07-21 14:18:00,19.76,United Kingdom
536083,SET OF 3 CAKE TINS PANTRY DESIGN,1,2012-07-22 11:23:00,6.29,United Kingdom
536592,JUMBO BAG RED RETROSPOT,5,2012-07-23 09:58:00,19.91,United Kingdom
536145,PACK OF 72 RETROSPOT CAKE CASES,12,2012-07-24 16:40:00,16.1,United Kingdom
536016,SET OF 3 CAKE TINS PANTRY DESIGN,5,2012-07-25 19:43:00,8.74,Italy
536549,JUMBO BAG RED RETROSPOT,2,2012-07-27 08:42:00,13.11,United Kingdom
536014,ASSORTED COLOUR BIRD ORNAMENT,4,2012-07-27 15:36:00,3.15,United Kingdom
536138,VICTORIAN GLASS HANGING T-LIGHT,8,2012-07-28 11:24:00,0.96,United Kingdom
536261,NATURAL SLATE HEART CHALKBOARD,10,2012-07-28 11:36:00,17.18,France
536665,SET OF 3 CAKE TINS PANTRY DESIGN,24,2012-07-29 09:11:00,4.12,United Kingdom
536935,BAKING SET 9 PIECE RETROSPOT,4,2012-07-29 13:57:00,13.09,United Kingdom
536187,RED WOOLLY HOTTIE WHITE HEART,4,2012-07-29 17:35:00,4.68,United Kingdom
536212,ASSORTED COLOUR BIRD ORNAMENT,24,2012-08-01 08:35:00,3.02,United Kingdom
536234,WOODEN PICTURE FRAME WHITE FINISH,4,2012-08-02 10:59:00,16.76,United Kingdom
536481,NATURAL SLATE HEART CHALKBOARD,2,2012-08-02 12:10:00,23.94,United Kingdom
536561,JUMBO BAG RED RETROSPOT,6,2012-08-05 19:08:00,15.83,Spain
536091,HEART OF WICKER SMALL,24,2012-08-06 11:28:00,18.79,United Kingdom
536677,PARTY BUNTING,2,2012-08-09 12:21:00,1.94,France
536921,PARTY BUNTING,3,2012-08-11 11:01:00,2.32,Germany
536209,PAPER CHAIN KIT 50'S CHRISTMAS,3,2012-08-12 15:33:00,24.08,United Kingdom
536570,BAKING SET 9 PIECE RETROSPOT,3,2012-08-13 12:59:00,10.87,Netherlands
536095,REGENCY CAKESTAND 3 TIER,1,2012-08-15 09:39:00,6.17,Germany
536818,NATURAL SLATE HEART CHALKBOARD,12,2012-08-16 18:06:00,22.27,France
536027,BAKING SET 9 PIECE RETROSPOT,8,2012-08-17 17:40:00,14.31,France
536338,SET OF 3 CAKE TINS PANTRY DESIGN,1,2012-08-18 09:57:00,12.62,United Kingdom
536267,RED WOOLLY HOTTIE WHITE HEART,6,2012-08-18 10:34:00,22.13,Italy
536184,ASSORTED COLOUR BIRD ORNAMENT,10,2012-08-19 10:44:00,4.36,United Kingdom
536344,HEART OF WICKER SMALL,10,2012-08-20 08:16:00,18.3,United Kingdom
536128,HEART OF WICKER SMALL,3,2012-08-20 09:09:00,18.81,United Kingdom
536106,REGENCY CAKESTAND 3 TIER,4,2012-08-20 17:25:00,19.77,United Kingdom
536254,VICTORIAN GLASS HANGING T-LIGHT,8,2012-08-22 11:08:00,18.11,United Kingdom
536712,LUNCH BAG RED RETROSPOT,1,2012-08-23 13:53:00,8.47,United Kingdom
536193,WHITE HANGING HEART T-LIGHT HOLDER,2,2012-08-24 14:20:00,1.74,United Kingdom
536118,VICTORIAN GLASS HANGING T-LIGHT,3,2012-08-25 13:36:00,21.32,Germany
536176,BAKING SET 9 PIECE RETROSPOT,5,2012-08-25 15:50:00,5.68,France
536119,PARTY BUNTING,8,2012-08-25 17:13:00,23.02,Switzerland
536223,LUNCH BAG RED RETROSPOT,2,2012-08-27 10:32:00,14.85,United Kingdom
536190,RED WOOLLY HOTTIE WHITE HEART,4,2012-08-27 13:39:00,4.17,United Kingdom
536221,NATURAL SLATE HEART CHALKBOARD,8,2012-08-28 14:40:00,18.33,Germany
536295,WHITE HANGING HEART T-LIGHT HOLDER,6,2012-08-29 12:29:00,24.35,United Kingdom
536114,VICTORIAN GLASS HANGING T-LIGHT,5,2012-08-30 11:49:00,24.75,United Kingdom
536056,RED WOOLLY HOTTIE WHITE HEART,8,2012-08-30 16:35:00,13.04,United Kingdom
536072,PAPER CHAIN KIT 50'S CHRISTMAS,3,2012-08-31 11:03:00,5.14,Germany
536272,WOODEN PICTURE FRAME WHITE FINISH,12,2012-08-31 14:37:00,4.26,Spain
536446,WOODEN PICTURE FRAME WHITE FINISH,1,2012-08-31 18:48:00,19.76,United Kingdom
536156,ASSORTED COLOUR BIRD ORNAMENT,4,2012-08-31 19:07:00,7.15,United Kingdom
536187,WOODEN PICTURE FRAME WHITE FINISH,1,2012-09-02 09:34:00,5.22,Switzerland
536086,ASSORTED COLOUR BIRD ORNAMENT,8,2012-09-02 10:48:00,3.55,United Kingdom
536256,BAKING SET 9 PIECE RETROSPOT,3,2012-09-02 12:41:00,22.51,United Kingdom
536482,REGENCY CAKESTAND 3 TIER,2,2012-09-03 19:38:00,9.68,United Kingdom
536213,PARTY BUNTING,1,2012-09-04 08:00:00,13.49,United Kingdom
536005,RED WOOLLY HOTTIE WHITE HEART,6,2012-09-04 10:00:00,22.27,United Kingdom
536122,SET OF 3 CAKE TINS PANTRY DESIGN,4,2012-09-06 13:20:00,18.31,United Kingdom
536000,PARTY BUNTING,12,2012-09-06 17:18:00,18.52,France
536491,WOODEN PICTURE FRAME WHITE FINISH,6,2012-09-07 11:45:00,10.93,United Kingdom
536041,BAKING SET 9 PIECE RETROSPOT,5,2012-09-07 15:50:00,9.43,United Kingdom
536066,HEART OF WICKER SMALL,2,2012-09-07 19:42:00,3.28,United Kingdom
536339,PARTY BUNTING,3,2012-09-09 14:03:00,2.81,Australia
536177,RED WOOLLY HOTTIE WHITE HEART,10,2012-09-10 12:14:00,12.91,United Kingdom
536236,ASSORTED COLOUR BIRD ORNAMENT,8,2012-09-11 18:19:00,14.98,Netherlands
536086,WOODEN PICTURE FRAME WHITE FINISH,10,2012-09-11 19:44:00,1.74,France
536429,PARTY BUNTING,4,2012-09-13 15:07:00,14.79,United Kingdom
536106,VICTORIAN GLASS HANGING T-LIGHT,1,2012-09-14 14:45:00,6.94,Germany
536112,WHITE HANGING HEART T-LIGHT HOLDER,1,2012-09-15 11:29:00,6.29,United Kingdom
536046,RED WOOLLY HOTTIE WHITE HEART,5,2012-09-15 14:14:00,22.01,United Kingdom
536180,LUNCH BAG RED RETROSPOT,4,2012-09-15 14:44:00,18.28,United Kingdom
536010,PAPER CHAIN KIT 50'S CHRISTMAS,6,2012-09-15 16:51:00,6.37,United Kingdom
536074,PACK OF 72 RETROSPOT CAKE CASES,2,2012-09-15 19:17:00,3.92,Netherlands
536043,VICTORIAN GLASS HANGING T-LIGHT,12,2012-09-17 13:22:00,17.65,United Kingdom
536404,WHITE HANGING HEART T-LIGHT HOLDER,6,2012-09-19 15:11:00,15.47,United Kingdom
536238,PARTY BUNTING,6,2012-09-19 16:46:00,8.43,Switzerland
536058,HEART OF WICKER SMALL,3,2012-09-21 17:28:00,6.52,Netherlands
536024,PAPER CHAIN KIT 50'S CHRISTMAS,6,2012-09-25 09:04:00,2.61,Italy
536543,PAPER CHAIN KIT 50'S CHRISTMAS,1,2012-09-25 17:46:00,4.85,Portugal
536199,PARTY BUNTING,6,2012-09-25 19:43:00,7.5,United Kingdom
536721,JUMBO BAG RED RETROSPOT,2,2012-09-26 18:26:00,6.99,United Kingdom
536046,PAPER CHAIN KIT 50'S CHRISTMAS,10,2012-09-26 19:28:00,11.89,United Kingdom
536093,PARTY BUNTING,24,2012-09-27 14:56:00,15.85,United Kingdom
536086,NATURAL SLATE HEART CHALKBOARD,6,2012-09-28 14:21:00,12.01,United Kingdom
536133,JUMBO BAG RED RETROSPOT,5,2012-09-28 14:40:00,17.16,United Kingdom
536261,VICTORIAN GLASS HANGING T-LIGHT,2,2012-09-28 17:07:00,15.6,United Kingdom
536488,LUNCH BAG RED RETROSPOT,24,2012-09-29 10:29:00,24.13,United Kingdom
536151,LUNCH BAG RED RETROSPOT,3,2012-09-29 19:15:00,18.69,United Kingdom
536131,REGENCY CAKESTAND 3 TIER,4,2012-09-30 10:35:00,8.89,Netherlands
536167,VICTORIAN GLASS HANGING T-LIGHT,1,2012-10-02 15:56:00,18.42,United Kingdom
536165,VICTORIAN GLASS HANGING T-LIGHT,5,2012-10-02 16:42:00,9.16,United Kingdom
536072,RED WOOLLY HOTTIE WHITE HEART,5,2012-10-05 08:07:00,12.85,Spain
536064,VICTORIAN GLASS HANGING T-LIGHT,6,2012-10-05 17:24:00,18.14,United Kingdom
536006,SET OF 3 CAKE TINS PANTRY DESIGN,10,2012-10-07 19:27:00,15.92,United Kingdom
536312,PAPER CHAIN KIT 50'S CHRISTMAS,4,2012-10-08 14:43:00,21.18,Germany
536317,RED WOOLLY HOTTIE WHITE HEART,5,2012-10-08 17:35:00,18.75,Germany
536377,PACK OF 72 RETROSPOT CAKE CASES,8,2012-10-10 12:44:00,14.46,United Kingdom
536520,HEART OF WICKER SMALL,5,2012-10-11 11:08:00,6.96,United Kingdom
536359,PACK OF 72 RETROSPOT CAKE CASES,6,2012-10-11 16:06:00,23.89,United Kingdom
536039,JUMBO BAG RED RETROSPOT,1,2012-10-11 19:01:00,8.98,United Kingdom
536332,REGENCY CAKESTAND 3 TIER,24,2012-10-12 16:29:00,5.07,France
536237,HEART OF WICKER SMALL,24,2012-10-13 18:50:00,17.76,Spain
536643,ASSORTED COLOUR BIRD ORNAMENT,2,2012-10-14 08:37:00,2.1,United Kingdom
536096,PAPER CHAIN KIT 50'S CHRISTMAS,6,2012-10-14 13:48:00,7.63,United Kingdom
536521,PAPER CHAIN KIT 50'S CHRISTMAS,2,2012-10-18 17:49:00,17.08,Switzerland
536172,PARTY BUNTING,5,2012-10-19 15:13:00,12.93,United Kingdom
536741,WOODEN PICTURE FRAME WHITE FINISH,1,2012-10-19 18:59:00,23.25,United Kingdom
536012,PARTY BUNTING,2,2012-10-20 08:55:00,24.25,Germany
536051,HEART OF WICKER SMALL,12,2012-10-20 16:04:00,10.98,France
536029,SET OF 3 CAKE TINS PANTRY DESIGN,6,2012-10-20 17:31:00,1.94,United Kingdom
536336,LUNCH BAG RED RETROSPOT,8,2012-10-21 16:05:00,19.2,United Kingdom
536121,ASSORTED COLOUR BIRD ORNAMENT,1,2012-10-21 19:00:00,17.31,United Kingdom
536009,WHITE HANGING HEART T-LIGHT HOLDER,2,2012-10-21 19:58:00,13.12,Germany
536056,WHITE HANGING HEART T-LIGHT HOLDER,2,2012-10-22 08:22:00,13.93,Netherlands
536188,RED WOOLLY HOTTIE WHITE HEART,5,2012-10-22 12:47:00,24.88,Netherlands
536137,WHITE HANGING HEART T-LIGHT HOLDER,10,2012-10-22 16:52:00,13.37,France
536088,WHITE HANGING HEART T-LIGHT HOLDER,8,2012-10-23 12:14:00,21.68,United Kingdom
536136,WHITE HANGING HEART T-LIGHT HOLDER,24,2012-10-23 19:57:00,11.62,United Kingdom
536069,SET OF 3 CAKE TINS PANTRY DESIGN,2,2012-10-24 09:44:00,2.37,United Kingdom
536181,SET OF 3 CAKE TINS PANTRY DESIGN,3,2012-10-25 15:42:00,8.95,Spain
536208,WHITE HANGING HEART T-LIGHT HOLDER,3,2012-10-27 10:07:00,18.35,Spain
536177,PACK OF 72 RETROSPOT CAKE CASES,24,2012-10-27 17:26:00,12.3,United Kingdom
536020,VICTORIAN GLASS HANGING T-LIGHT,12,2012-10-29 12:07:00,22.34,United Kingdom
536155,WHITE HANGING HEART T-LIGHT HOLDER,3,2012-10-29 18:16:00,7.94,United Kingdom
536025,ASSORTED COLOUR BIRD ORNAMENT,4,2012-11-02 09:57:00,21.96,United Kingdom
536095,PAPER CHAIN KIT 50'S CHRISTMAS,10,2012-11-02 18:01:00,7.55,Netherlands
536232,LUNCH BAG RED RETROSPOT,5,2012-11-03 09:37:00,6.41,United Kingdom
536351,HEART OF WICKER SMALL,10,2012-11-03 10:59:00,15.15,Germany
536989,WHITE HANGING HEART T-LIGHT HOLDER,4,2012-11-03 18:22:00,7.09,Netherlands
536113,WOODEN PICTURE FRAME WHITE FINISH,5,2012-11-04 12:05:00,2.69,United Kingdom
536067,PACK OF 72 RETROSPOT CAKE CASES,8,2012-11-06 10:08:00,7.24,France
536093,JUMBO BAG RED RETROSPOT,10,2012-11-06 15:16:00,3.57,Germany
536105,PACK OF 72 RETROSPOT CAKE CASES,2,2012-11-08 16:59:00,17.4,United Kingdom
536100,VICTORIAN GLASS HANGING T-LIGHT,4,2012-11-09 09:55:00,1.51,United Kingdom
536349,BAKING SET 9 PIECE RETROSPOT,10,2012-11-10 17:27:00,21.87,United Kingdom
536122,PACK OF 72 RETROSPOT CAKE CASES,12,2012-11-11 16:56:00,10.31,United Kingdom
536932,SET OF 3 CAKE TINS PANTRY DESIGN,5,2012-11-11 18:04:00,12.64,United Kingdom
536619,WOODEN PICTURE FRAME WHITE FINISH,8,2012-11-13 08:32:00,10.32,Spain
536490,LUNCH BAG RED RETROSPOT,4,2012-11-13 16:33:00,17.96,Germany
536117,RED WOOLLY HOTTIE WHITE HEART,10,2012-11-13 19:00:00,11.25,United Kingdom
536005,WOODEN PICTURE FRAME WHITE FINISH,4,2012-11-14 15:14:00,6.21,United Kingdom
536555,ASSORTED COLOUR BIRD ORNAMENT,24,2012-11-15 09:01:00,2.46,France
536032,BAKING SET 9 PIECE RETROSPOT,8,2012-11-15 09:26:00,4.47,United Kingdom
536142,SET OF 3 CAKE TINS PANTRY DESIGN,3,2012-11-15 09:44:00,14.11,France
536458,SET OF 3 CAKE TINS PANTRY DESIGN,12,2012-11-18 08:06:00,2.6,United Kingdom
536300,LUNCH BAG RED RETROSPOT,4,2012-11-18 09:50:00,11.92,Germany
536065,NATURAL SLATE HEART CHALKBOARD,5,2012-11-19 10:47:00,11.07,United Kingdom
536213,WHITE HANGING HEART T-LIGHT HOLDER,12,2012-11-21 15:40:00,22.76,Germany
536616,PARTY BUNTING,5,2012-11-22 08:56:00,12.95,United Kingdom
536337,HEART OF WICKER SMALL,3,2012-11-22 11:46:00,24.41,United Kingdom
536242,HEART OF WICKER SMALL,3,2012-11-22 14:52:00,4.04,United Kingdom
536016,PAPER CHAIN KIT 50'S CHRISTMAS,3,2012-11-22 17:05:00,15.11,United Kingdom
536315,WOODEN PICTURE FRAME WHITE FINISH,1,2012-11-23 19:25:00,1.02,United Kingdom
536436,LUNCH BAG RED RETROSPOT,3,2012-11-24 19:55:00,1.75,United Kingdom
536198,JUMBO BAG RED RETROSPOT,1,2012-11-27 09:08:00,5.78,United Kingdom
536107,JUMBO BAG RED RETROSPOT,10,2012-11-28 11:46:00,12.2,United Kingdom
536108,PARTY BUNTING,5,2012-11-28 14:51:00,18.31,United Kingdom
536374,JUMBO BAG RED RETROSPOT,3,2012-11-29 08:18:00,18.49,United Kingdom
536405,RED WOOLLY HOTTIE WHITE HEART,8,2012-11-29 14:06:00,23.42,Portugal
536142,PAPER CHAIN KIT 50'S CHRISTMAS,6,2012-11-29 15:39:00,8.65,Portugal
536304,NATURAL SLATE HEART CHALKBOARD,8,2012-11-29 19:48:00,6.95,Belgium
536301,WHITE HANGING HEART T-LIGHT HOLDER,10,2012-11-30 10:21:00,1.55,United Kingdom
536163,NATURAL SLATE HEART CHALKBOARD,10,2012-12-02 12:24:00,11.05,United Kingdom
536004,PAPER CHAIN KIT 50'S CHRISTMAS,5,2012-12-03 09:25:00,14.05,United Kingdom
536315,SET OF 3 CAKE TINS PANTRY DESIGN,5,2012-12-03 13:18:00,15.1,United Kingdom
536054,ASSORTED COLOUR BIRD ORNAMENT,12,2012-12-04 12:21:00,16.26,United Kingdom
536333,HEART OF WICKER SMALL,4,2012-12-04 12:35:00,12.46,United Kingdom
536094,LUNCH BAG RED RETROSPOT,6,2012-12-04 19:33:00,20.28,Portugal
536200,SET OF 3 CAKE TINS PANTRY DESIGN,6,2012-12-04 19:35:00,1.95,Netherlands
536267,REGENCY CAKESTAND 3 TIER,10,2012-12-08 10:06:00,1.09,Spain
536645,WHITE HANGING HEART T-LIGHT HOLDER,3,2012-12-09 13:57:00,5.78,United Kingdom
536007,JUMBO BAG RED RETROSPOT,8,2012-12-11 11:40:00,20.39,United Kingdom
536309,PARTY BUNTING,3,2012-12-11 14:16:00,7.08,United Kingdom
536067,LUNCH BAG RED RETROSPOT,1,2012-12-12 09:02:00,16.3,United Kingdom
536854,JUMBO BAG RED RETROSPOT,8,2012-12-12 12:55:00,12.56,United Kingdom
536607,SET OF 3 CAKE TINS PANTRY DESIGN,10,2012-12-12 14:07:00,7.75,Belgium
536159,JUMBO BAG RED RETROSPOT,4,2012-12-12 14:10:00,14.38,Belgium
536227,REGENCY CAKESTAND 3 TIER,2,2012-12-13 15:50:00,7.19,France
536165,PACK OF 72 RETROSPOT CAKE CASES,4,2012-12-14 10:46:00,11.25,United Kingdom
536206,WHITE HANGING HEART T-LIGHT HOLDER,2,2012-12-15 12:20:00,14.62,France
536115,PAPER CHAIN KIT 50'S CHRISTMAS,2,2012-12-15 15:25:00,16.99,Belgium
536274,NATURAL SLATE HEART CHALKBOARD,6,2012-12-15 17:24:00,1.46,Germany
536982,PAPER CHAIN KIT 50'S CHRISTMAS,10,2012-12-16 08:35:00,9.17,United Kingdom
536990,WOODEN PICTURE FRAME WHITE FINISH,6,2012-12-17 14:32:00,2.2,Portugal
536138,NATURAL SLATE HEART CHALKBOARD,5,2012-12-18 10:18:00,8.9,Spain
536140,LUNCH BAG RED RETROSPOT,5,2012-12-20 09:31:00,15.98,Belgium
536602,NATURAL SLATE HEART CHALKBOARD,12,2012-12-20 16:11:00,1.23,United Kingdom
536233,HEART OF WICKER SMALL,5,2012-12-21 18:12:00,22.52,Germany
536383,WHITE HANGING HEART T-LIGHT HOLDER,3,2012-12-22 08:11:00,10.67,Portugal
536730,RED WOOLLY HOTTIE WHITE HEART,1,2012-12-22 11:48:00,20.66,Italy
536143,PACK OF 72 RETROSPOT CAKE CASES,5,2012-12-23 08:44:00,2.47,Spain
536443,PARTY BUNTING,6,2012-12-23 19:36:00,8.04,United Kingdom
536038,HEART OF WICKER SMALL,8,2012-12-24 08:19:00,5.37,United Kingdom
536364,RED WOOLLY HOTTIE WHITE HEART,5,2012-12-24 09:01:00,24.49,France
536084,PARTY BUNTING,24,2012-12-24 19:47:00,17.7,United Kingdom
536373,SET OF 3 CAKE TINS PANTRY DESIGN,8,2012-12-26 14:55:00,12.68,France
536158,RED WOOLLY HOTTIE WHITE HEART,8,2012-12-26 15:22:00,16.75,Belgium
536270,PACK OF 72 RETROSPOT CAKE CASES,10,2012-12-26 16:28:00,21.58,Spain
536244,WHITE HANGING HEART T-LIGHT HOLDER,5,2012-12-27 12:41:00,5.31,United Kingdom
536135,RED WOOLLY HOTTIE WHITE HEART,3,2012-12-27 19:01:00,8.89,Germany
536110,RED WOOLLY HOTTIE WHITE HEART,6,2012-12-29 15:54:00,3.65,United Kingdom
536219,RED WOOLLY HOTTIE WHITE HEART,3,2012-12-30 08:47:00,7.83,United Kingdom
536159,VICTORIAN GLASS HANGING T-LIGHT,2,2012-12-31 15:33:00,7.22,United Kingdom
